[{"model": "auth.permission", "pk": 1, "fields": {"name": "Can add log entry", "content_type": 1, "codename": "add_logentry"}}, {"model": "auth.permission", "pk": 2, "fields": {"name": "Can change log entry", "content_type": 1, "codename": "change_logentry"}}, {"model": "auth.permission", "pk": 3, "fields": {"name": "Can delete log entry", "content_type": 1, "codename": "delete_logentry"}}, {"model": "auth.permission", "pk": 4, "fields": {"name": "Can view log entry", "content_type": 1, "codename": "view_logentry"}}, {"model": "auth.permission", "pk": 5, "fields": {"name": "Can add permission", "content_type": 2, "codename": "add_permission"}}, {"model": "auth.permission", "pk": 6, "fields": {"name": "Can change permission", "content_type": 2, "codename": "change_permission"}}, {"model": "auth.permission", "pk": 7, "fields": {"name": "Can delete permission", "content_type": 2, "codename": "delete_permission"}}, {"model": "auth.permission", "pk": 8, "fields": {"name": "Can view permission", "content_type": 2, "codename": "view_permission"}}, {"model": "auth.permission", "pk": 9, "fields": {"name": "Can add group", "content_type": 3, "codename": "add_group"}}, {"model": "auth.permission", "pk": 10, "fields": {"name": "Can change group", "content_type": 3, "codename": "change_group"}}, {"model": "auth.permission", "pk": 11, "fields": {"name": "Can delete group", "content_type": 3, "codename": "delete_group"}}, {"model": "auth.permission", "pk": 12, "fields": {"name": "Can view group", "content_type": 3, "codename": "view_group"}}, {"model": "auth.permission", "pk": 13, "fields": {"name": "Can add content type", "content_type": 4, "codename": "add_contenttype"}}, {"model": "auth.permission", "pk": 14, "fields": {"name": "Can change content type", "content_type": 4, "codename": "change_contenttype"}}, {"model": "auth.permission", "pk": 15, "fields": {"name": "Can delete content type", "content_type": 4, "codename": "delete_contenttype"}}, {"model": "auth.permission", "pk": 16, "fields": {"name": "Can view content type", "content_type": 4, "codename": "view_contenttype"}}, {"model": "auth.permission", "pk": 17, "fields": {"name": "Can add session", "content_type": 5, "codename": "add_session"}}, {"model": "auth.permission", "pk": 18, "fields": {"name": "Can change session", "content_type": 5, "codename": "change_session"}}, {"model": "auth.permission", "pk": 19, "fields": {"name": "Can delete session", "content_type": 5, "codename": "delete_session"}}, {"model": "auth.permission", "pk": 20, "fields": {"name": "Can view session", "content_type": 5, "codename": "view_session"}}, {"model": "auth.permission", "pk": 21, "fields": {"name": "Can add citizen", "content_type": 6, "codename": "add_citizen"}}, {"model": "auth.permission", "pk": 22, "fields": {"name": "Can change citizen", "content_type": 6, "codename": "change_citizen"}}, {"model": "auth.permission", "pk": 23, "fields": {"name": "Can delete citizen", "content_type": 6, "codename": "delete_citizen"}}, {"model": "auth.permission", "pk": 24, "fields": {"name": "Can view citizen", "content_type": 6, "codename": "view_citizen"}}, {"model": "auth.permission", "pk": 25, "fields": {"name": "Can add site manager", "content_type": 7, "codename": "add_sitemanager"}}, {"model": "auth.permission", "pk": 26, "fields": {"name": "Can change site manager", "content_type": 7, "codename": "change_sitemanager"}}, {"model": "auth.permission", "pk": 27, "fields": {"name": "Can delete site manager", "content_type": 7, "codename": "delete_sitemanager"}}, {"model": "auth.permission", "pk": 28, "fields": {"name": "Can view site manager", "content_type": 7, "codename": "view_sitemanager"}}, {"model": "auth.permission", "pk": 29, "fields": {"name": "Can add administrator", "content_type": 8, "codename": "add_administrator"}}, {"model": "auth.permission", "pk": 30, "fields": {"name": "Can change administrator", "content_type": 8, "codename": "change_administrator"}}, {"model": "auth.permission", "pk": 31, "fields": {"name": "Can delete administrator", "content_type": 8, "codename": "delete_administrator"}}, {"model": "auth.permission", "pk": 32, "fields": {"name": "Can view administrator", "content_type": 8, "codename": "view_administrator"}}, {"model": "auth.permission", "pk": 33, "fields": {"name": "Can add grantee", "content_type": 9, "codename": "add_grantee"}}, {"model": "auth.permission", "pk": 34, "fields": {"name": "Can change grantee", "content_type": 9, "codename": "change_grantee"}}, {"model": "auth.permission", "pk": 35, "fields": {"name": "Can delete grantee", "content_type": 9, "codename": "delete_grantee"}}, {"model": "auth.permission", "pk": 36, "fields": {"name": "Can view grantee", "content_type": 9, "codename": "view_grantee"}}, {"model": "auth.permission", "pk": 37, "fields": {"name": "Can add department", "content_type": 10, "codename": "add_department"}}, {"model": "auth.permission", "pk": 38, "fields": {"name": "Can change department", "content_type": 10, "codename": "change_department"}}, {"model": "auth.permission", "pk": 39, "fields": {"name": "Can delete department", "content_type": 10, "codename": "delete_department"}}, {"model": "auth.permission", "pk": 40, "fields": {"name": "Can view department", "content_type": 10, "codename": "view_department"}}, {"model": "auth.permission", "pk": 41, "fields": {"name": "Can add association", "content_type": 11, "codename": "add_association"}}, {"model": "auth.permission", "pk": 42, "fields": {"name": "Can change association", "content_type": 11, "codename": "change_association"}}, {"model": "auth.permission", "pk": 43, "fields": {"name": "Can delete association", "content_type": 11, "codename": "delete_association"}}, {"model": "auth.permission", "pk": 44, "fields": {"name": "Can view association", "content_type": 11, "codename": "view_association"}}, {"model": "auth.permission", "pk": 45, "fields": {"name": "Can add public service", "content_type": 12, "codename": "add_publicservice"}}, {"model": "auth.permission", "pk": 46, "fields": {"name": "Can change public service", "content_type": 12, "codename": "change_publicservice"}}, {"model": "auth.permission", "pk": 47, "fields": {"name": "Can delete public service", "content_type": 12, "codename": "delete_publicservice"}}, {"model": "auth.permission", "pk": 48, "fields": {"name": "Can view public service", "content_type": 12, "codename": "view_publicservice"}}, {"model": "auth.permission", "pk": 49, "fields": {"name": "Can add request", "content_type": 13, "codename": "add_request"}}, {"model": "auth.permission", "pk": 50, "fields": {"name": "Can change request", "content_type": 13, "codename": "change_request"}}, {"model": "auth.permission", "pk": 51, "fields": {"name": "Can delete request", "content_type": 13, "codename": "delete_request"}}, {"model": "auth.permission", "pk": 52, "fields": {"name": "Can view request", "content_type": 13, "codename": "view_request"}}, {"model": "auth.permission", "pk": 53, "fields": {"name": "Can add grant", "content_type": 14, "codename": "add_grant"}}, {"model": "auth.permission", "pk": 54, "fields": {"name": "Can change grant", "content_type": 14, "codename": "change_grant"}}, {"model": "auth.permission", "pk": 55, "fields": {"name": "Can delete grant", "content_type": 14, "codename": "delete_grant"}}, {"model": "auth.permission", "pk": 56, "fields": {"name": "Can view grant", "content_type": 14, "codename": "view_grant"}}, {"model": "auth.permission", "pk": 57, "fields": {"name": "Can add abstract log model", "content_type": 15, "codename": "add_abstractlogmodel"}}, {"model": "auth.permission", "pk": 58, "fields": {"name": "Can change abstract log model", "content_type": 15, "codename": "change_abstractlogmodel"}}, {"model": "auth.permission", "pk": 59, "fields": {"name": "Can delete abstract log model", "content_type": 15, "codename": "delete_abstractlogmodel"}}, {"model": "auth.permission", "pk": 60, "fields": {"name": "Can view abstract log model", "content_type": 15, "codename": "view_abstractlogmodel"}}, {"model": "auth.permission", "pk": 61, "fields": {"name": "Can add abstract permission", "content_type": 16, "codename": "add_abstractpermission"}}, {"model": "auth.permission", "pk": 62, "fields": {"name": "Can change abstract permission", "content_type": 16, "codename": "change_abstractpermission"}}, {"model": "auth.permission", "pk": 63, "fields": {"name": "Can delete abstract permission", "content_type": 16, "codename": "delete_abstractpermission"}}, {"model": "auth.permission", "pk": 64, "fields": {"name": "Can view abstract permission", "content_type": 16, "codename": "view_abstractpermission"}}, {"model": "auth.permission", "pk": 65, "fields": {"name": "Can add methods", "content_type": 17, "codename": "add_methods"}}, {"model": "auth.permission", "pk": 66, "fields": {"name": "Can change methods", "content_type": 17, "codename": "change_methods"}}, {"model": "auth.permission", "pk": 67, "fields": {"name": "Can delete methods", "content_type": 17, "codename": "delete_methods"}}, {"model": "auth.permission", "pk": 68, "fields": {"name": "Can view methods", "content_type": 17, "codename": "view_methods"}}, {"model": "auth.permission", "pk": 69, "fields": {"name": "Can add association permission", "content_type": 18, "codename": "add_associationpermission"}}, {"model": "auth.permission", "pk": 70, "fields": {"name": "Can change association permission", "content_type": 18, "codename": "change_associationpermission"}}, {"model": "auth.permission", "pk": 71, "fields": {"name": "Can delete association permission", "content_type": 18, "codename": "delete_associationpermission"}}, {"model": "auth.permission", "pk": 72, "fields": {"name": "Can view association permission", "content_type": 18, "codename": "view_associationpermission"}}, {"model": "auth.permission", "pk": 73, "fields": {"name": "Can add department permission", "content_type": 19, "codename": "add_departmentpermission"}}, {"model": "auth.permission", "pk": 74, "fields": {"name": "Can change department permission", "content_type": 19, "codename": "change_departmentpermission"}}, {"model": "auth.permission", "pk": 75, "fields": {"name": "Can delete department permission", "content_type": 19, "codename": "delete_departmentpermission"}}, {"model": "auth.permission", "pk": 76, "fields": {"name": "Can view department permission", "content_type": 19, "codename": "view_departmentpermission"}}, {"model": "auth.permission", "pk": 77, "fields": {"name": "Can add public service permission", "content_type": 20, "codename": "add_publicservicepermission"}}, {"model": "auth.permission", "pk": 78, "fields": {"name": "Can change public service permission", "content_type": 20, "codename": "change_publicservicepermission"}}, {"model": "auth.permission", "pk": 79, "fields": {"name": "Can delete public service permission", "content_type": 20, "codename": "delete_publicservicepermission"}}, {"model": "auth.permission", "pk": 80, "fields": {"name": "Can view public service permission", "content_type": 20, "codename": "view_publicservicepermission"}}, {"model": "auth.permission", "pk": 81, "fields": {"name": "Can add administrator log", "content_type": 21, "codename": "add_administratorlog"}}, {"model": "auth.permission", "pk": 82, "fields": {"name": "Can change administrator log", "content_type": 21, "codename": "change_administratorlog"}}, {"model": "auth.permission", "pk": 83, "fields": {"name": "Can delete administrator log", "content_type": 21, "codename": "delete_administratorlog"}}, {"model": "auth.permission", "pk": 84, "fields": {"name": "Can view administrator log", "content_type": 21, "codename": "view_administratorlog"}}, {"model": "auth.permission", "pk": 85, "fields": {"name": "Can add citizen log", "content_type": 22, "codename": "add_citizenlog"}}, {"model": "auth.permission", "pk": 86, "fields": {"name": "Can change citizen log", "content_type": 22, "codename": "change_citizenlog"}}, {"model": "auth.permission", "pk": 87, "fields": {"name": "Can delete citizen log", "content_type": 22, "codename": "delete_citizenlog"}}, {"model": "auth.permission", "pk": 88, "fields": {"name": "Can view citizen log", "content_type": 22, "codename": "view_citizenlog"}}, {"model": "auth.permission", "pk": 89, "fields": {"name": "Can add grantee log", "content_type": 23, "codename": "add_granteelog"}}, {"model": "auth.permission", "pk": 90, "fields": {"name": "Can change grantee log", "content_type": 23, "codename": "change_granteelog"}}, {"model": "auth.permission", "pk": 91, "fields": {"name": "Can delete grantee log", "content_type": 23, "codename": "delete_granteelog"}}, {"model": "auth.permission", "pk": 92, "fields": {"name": "Can view grantee log", "content_type": 23, "codename": "view_granteelog"}}, {"model": "auth.permission", "pk": 93, "fields": {"name": "Can add site manager log", "content_type": 24, "codename": "add_sitemanagerlog"}}, {"model": "auth.permission", "pk": 94, "fields": {"name": "Can change site manager log", "content_type": 24, "codename": "change_sitemanagerlog"}}, {"model": "auth.permission", "pk": 95, "fields": {"name": "Can delete site manager log", "content_type": 24, "codename": "delete_sitemanagerlog"}}, {"model": "auth.permission", "pk": 96, "fields": {"name": "Can view site manager log", "content_type": 24, "codename": "view_sitemanagerlog"}}, {"model": "auth.permission", "pk": 97, "fields": {"name": "Can add system cron", "content_type": 25, "codename": "add_systemcron"}}, {"model": "auth.permission", "pk": 98, "fields": {"name": "Can change system cron", "content_type": 25, "codename": "change_systemcron"}}, {"model": "auth.permission", "pk": 99, "fields": {"name": "Can delete system cron", "content_type": 25, "codename": "delete_systemcron"}}, {"model": "auth.permission", "pk": 100, "fields": {"name": "Can view system cron", "content_type": 25, "codename": "view_systemcron"}}, {"model": "auth.permission", "pk": 101, "fields": {"name": "Can add task result", "content_type": 26, "codename": "add_taskresult"}}, {"model": "auth.permission", "pk": 102, "fields": {"name": "Can change task result", "content_type": 26, "codename": "change_taskresult"}}, {"model": "auth.permission", "pk": 103, "fields": {"name": "Can delete task result", "content_type": 26, "codename": "delete_taskresult"}}, {"model": "auth.permission", "pk": 104, "fields": {"name": "Can view task result", "content_type": 26, "codename": "view_taskresult"}}, {"model": "auth.permission", "pk": 105, "fields": {"name": "Can add chord counter", "content_type": 27, "codename": "add_chordcounter"}}, {"model": "auth.permission", "pk": 106, "fields": {"name": "Can change chord counter", "content_type": 27, "codename": "change_chordcounter"}}, {"model": "auth.permission", "pk": 107, "fields": {"name": "Can delete chord counter", "content_type": 27, "codename": "delete_chordcounter"}}, {"model": "auth.permission", "pk": 108, "fields": {"name": "Can view chord counter", "content_type": 27, "codename": "view_chordcounter"}}, {"model": "auth.permission", "pk": 109, "fields": {"name": "Can add group result", "content_type": 28, "codename": "add_groupresult"}}, {"model": "auth.permission", "pk": 110, "fields": {"name": "Can change group result", "content_type": 28, "codename": "change_groupresult"}}, {"model": "auth.permission", "pk": 111, "fields": {"name": "Can delete group result", "content_type": 28, "codename": "delete_groupresult"}}, {"model": "auth.permission", "pk": 112, "fields": {"name": "Can view group result", "content_type": 28, "codename": "view_groupresult"}}, {"model": "contenttypes.contenttype", "pk": 1, "fields": {"app_label": "admin", "model": "logentry"}}, {"model": "contenttypes.contenttype", "pk": 2, "fields": {"app_label": "auth", "model": "permission"}}, {"model": "contenttypes.contenttype", "pk": 3, "fields": {"app_label": "auth", "model": "group"}}, {"model": "contenttypes.contenttype", "pk": 4, "fields": {"app_label": "contenttypes", "model": "contenttype"}}, {"model": "contenttypes.contenttype", "pk": 5, "fields": {"app_label": "sessions", "model": "session"}}, {"model": "contenttypes.contenttype", "pk": 6, "fields": {"app_label": "citizen", "model": "citizen"}}, {"model": "contenttypes.contenttype", "pk": 7, "fields": {"app_label": "siteManager", "model": "sitemanager"}}, {"model": "contenttypes.contenttype", "pk": 8, "fields": {"app_label": "administrator", "model": "administrator"}}, {"model": "contenttypes.contenttype", "pk": 9, "fields": {"app_label": "grantee", "model": "grantee"}}, {"model": "contenttypes.contenttype", "pk": 10, "fields": {"app_label": "department", "model": "department"}}, {"model": "contenttypes.contenttype", "pk": 11, "fields": {"app_label": "association", "model": "association"}}, {"model": "contenttypes.contenttype", "pk": 12, "fields": {"app_label": "publicService", "model": "publicservice"}}, {"model": "contenttypes.contenttype", "pk": 13, "fields": {"app_label": "request", "model": "request"}}, {"model": "contenttypes.contenttype", "pk": 14, "fields": {"app_label": "grant", "model": "grant"}}, {"model": "contenttypes.contenttype", "pk": 15, "fields": {"app_label": "core", "model": "abstractlogmodel"}}, {"model": "contenttypes.contenttype", "pk": 16, "fields": {"app_label": "core", "model": "abstractpermission"}}, {"model": "contenttypes.contenttype", "pk": 17, "fields": {"app_label": "publicService", "model": "methods"}}, {"model": "contenttypes.contenttype", "pk": 18, "fields": {"app_label": "servicePermissions", "model": "associationpermission"}}, {"model": "contenttypes.contenttype", "pk": 19, "fields": {"app_label": "servicePermissions", "model": "departmentpermission"}}, {"model": "contenttypes.contenttype", "pk": 20, "fields": {"app_label": "servicePermissions", "model": "publicservicepermission"}}, {"model": "contenttypes.contenttype", "pk": 21, "fields": {"app_label": "systemLog", "model": "administratorlog"}}, {"model": "contenttypes.contenttype", "pk": 22, "fields": {"app_label": "systemLog", "model": "citizenlog"}}, {"model": "contenttypes.contenttype", "pk": 23, "fields": {"app_label": "systemLog", "model": "granteelog"}}, {"model": "contenttypes.contenttype", "pk": 24, "fields": {"app_label": "systemLog", "model": "sitemanagerlog"}}, {"model": "contenttypes.contenttype", "pk": 25, "fields": {"app_label": "systemCron", "model": "systemcron"}}, {"model": "contenttypes.contenttype", "pk": 26, "fields": {"app_label": "django_celery_results", "model": "taskresult"}}, {"model": "contenttypes.contenttype", "pk": 27, "fields": {"app_label": "django_celery_results", "model": "chordcounter"}}, {"model": "contenttypes.contenttype", "pk": 28, "fields": {"app_label": "django_celery_results", "model": "groupresult"}}, {"model": "core.abstractpermission", "pk": 1, "fields": {"PublicId": "54d643cc-4c00-4d46-ab02-12c4eeb81969", "Created": "2025-04-01T08:20:51.676Z", "Updated": "2025-04-01T19:02:32.545Z", "Name": "Test Permission", "Description": "Test permission", "StartTime": "2025-04-01T10:19:00Z", "EndTime": "2025-05-04T10:19:00Z", "Citizens": [10]}}, {"model": "core.abstractpermission", "pk": 2, "fields": {"PublicId": "22a8e0bd-a83f-48fa-9e9c-6f23bfb9ab05", "Created": "2025-04-01T08:24:48.863Z", "Updated": "2025-04-01T08:24:48.863Z", "Name": "Test Permission", "Description": "Test permission", "StartTime": "2025-04-01T10:19:00Z", "EndTime": "2025-05-04T10:19:00Z", "Citizens": [10]}}, {"model": "core.abstractpermission", "pk": 3, "fields": {"PublicId": "b938ec16-524a-48ff-ab02-abffa51cac14", "Created": "2025-04-03T07:58:23.257Z", "Updated": "2025-04-03T07:59:05.460Z", "Name": "UzStudents", "Description": "uz stufffff", "StartTime": "2025-04-03T08:54:00Z", "EndTime": "2025-05-03T07:54:00Z", "Citizens": [10, 11]}}, {"model": "core.abstractpermission", "pk": 4, "fields": {"PublicId": "670055d0-a225-467c-a7f5-0a7d3d4f4294", "Created": "2025-04-03T08:01:26.570Z", "Updated": "2025-04-03T08:01:26.570Z", "Name": "Test Manager Permission", "Description": "Test manager", "StartTime": "2025-04-03T07:59:00Z", "EndTime": "2025-05-03T07:59:00Z", "Citizens": [6]}}, {"model": "core.abstractpermission", "pk": 5, "fields": {"PublicId": "fcf32ac4-c344-4524-9710-1a1cf810b214", "Created": "2025-04-03T08:50:35.973Z", "Updated": "2025-04-03T08:56:57.661Z", "Name": "test google service permission", "Description": "allow google", "StartTime": "2025-04-05T08:33:00Z", "EndTime": "2025-05-03T08:33:00Z", "Citizens": [1]}}, {"model": "core.abstractpermission", "pk": 6, "fields": {"PublicId": "7cc5b350-0cb0-4e12-9033-f748bd52c4dd", "Created": "2025-04-03T08:54:48.781Z", "Updated": "2025-04-03T08:54:48.781Z", "Name": "testAdminAssociation", "Description": "hshh", "StartTime": "2025-04-03T08:50:00Z", "EndTime": "2025-05-03T08:50:00Z", "Citizens": [6]}}, {"model": "core.abstractpermission", "pk": 7, "fields": {"PublicId": "d4908665-c4dc-4c71-be34-7126bcefa531", "Created": "2025-04-03T09:41:43.763Z", "Updated": "2025-04-03T09:41:43.763Z", "Name": "User5", "Description": "User5", "StartTime": "2025-04-03T09:41:00Z", "EndTime": "2025-05-03T09:41:00Z", "Citizens": [7]}}, {"model": "core.abstractpermission", "pk": 8, "fields": {"PublicId": "f3466fa4-67b2-4f75-b8a0-cbf2faf0c318", "Created": "2025-04-03T09:44:13.648Z", "Updated": "2025-04-03T09:44:13.648Z", "Name": "User5", "Description": "User5", "StartTime": "2025-04-03T09:42:00Z", "EndTime": "2025-05-03T09:42:00Z", "Citizens": [7]}}, {"model": "core.abstractpermission", "pk": 9, "fields": {"PublicId": "12325a22-02cd-497e-b112-c1eee2736011", "Created": "2025-04-03T10:08:13.645Z", "Updated": "2025-04-03T10:08:13.645Z", "Name": "User5", "Description": "User5", "StartTime": "2025-04-03T10:07:00Z", "EndTime": "2025-05-03T10:07:00Z", "Citizens": [7]}}, {"model": "core.abstractpermission", "pk": 10, "fields": {"PublicId": "db96e072-0fba-47d0-9691-eb5cbd5316dc", "Created": "2025-04-04T08:30:40.026Z", "Updated": "2025-04-04T08:30:40.026Z", "Name": "UzStud", "Description": "test", "StartTime": "2025-04-04T08:29:00Z", "EndTime": "2025-05-04T08:29:00Z", "Citizens": [1, 8, 9, 10, 11]}}, {"model": "citizen.citizen", "pk": 1, "fields": {"password": "pbkdf2_sha256$870000$mr1xnKpUYlfMzVV1CKVbmJ$+BE9+tijX+v8QgTIVYiuUjmq/XpQc07Ua/IX4W2hMaM=", "last_login": null, "PublicId": "b6cc09c7-d53f-4b18-902b-68e6a1d4cb9a", "UserName": "user1", "FirstName": "Test First Name 1", "SecondName": "testSecondName", "Surname": "testSurname", "NationalId": "4948585kdsfjsfs", "DOB": "2025-01-20T13:39:16.959Z", "Email": "testEmail1@gmail.com", "EmailVerified": false, "is_active": true, "is_superuser": false, "Created": "2025-01-20T11:41:59.563Z", "Updated": "2025-01-20T14:23:13.847Z", "groups": [], "user_permissions": []}}, {"model": "citizen.citizen", "pk": 2, "fields": {"password": "hellomanu", "last_login": null, "PublicId": "8bec7df2-7af4-4b8f-84ef-8806aef4ca51", "UserName": "user2", "FirstName": "Test First Name 1", "SecondName": "testSecondNameFix", "Surname": "testSurname", "NationalId": "4948585kdsdjdj", "DOB": "2025-01-20T13:39:16.959Z", "Email": "testEmail2@gmail.com", "EmailVerified": false, "is_active": true, "is_superuser": false, "Created": "2025-01-20T14:24:56.066Z", "Updated": "2025-02-02T09:18:05.244Z", "groups": [], "user_permissions": []}}, {"model": "citizen.citizen", "pk": 4, "fields": {"password": "hellomanu", "last_login": null, "PublicId": "066738e5-84dc-4a66-b36f-a8254a51633c", "UserName": "user3", "FirstName": "Test First Name 1", "SecondName": "testSecondName", "Surname": "testSurname", "NationalId": "4948585kdsdjdj", "DOB": "2025-01-20T13:39:16.959Z", "Email": "testEmail3@gmail.com", "EmailVerified": false, "is_active": true, "is_superuser": false, "Created": "2025-01-20T14:34:25.282Z", "Updated": "2025-01-20T14:34:25.282Z", "groups": [], "user_permissions": []}}, {"model": "citizen.citizen", "pk": 5, "fields": {"password": "pbkdf2_sha256$870000$29XnsmiLfzyS8l7wTgnhrs$2lK0QXP0eQOJzZz6HTth2c35KF5fvAa1oSd6cxep2EE=", "last_login": null, "PublicId": "58d915d3-3357-4ae4-bd52-9b849def20ee", "UserName": "user4", "FirstName": "Test First 4", "SecondName": "testSecondName", "Surname": "testSurname", "NationalId": "4948585kdj", "DOB": "2025-01-20T13:39:16.959Z", "Email": "testEmail4@gmail.com", "EmailVerified": false, "is_active": true, "is_superuser": false, "Created": "2025-01-21T09:24:17.358Z", "Updated": "2025-02-02T08:48:53.334Z", "groups": [], "user_permissions": []}}, {"model": "citizen.citizen", "pk": 6, "fields": {"password": "pbkdf2_sha256$870000$Ao1mFzCjiVsycUgfteD8Iu$i3LBlKs8CB6LWCA95v40qH0WBLoBJiPuX7PX0im2Omw=", "last_login": null, "PublicId": "a75b1818-d7af-4cc0-8324-2d2b3bd62c68", "UserName": "erlson", "FirstName": "Erlson", "SecondName": "Tadiwa", "Surname": "Madara", "NationalId": "4948585kd", "DOB": "2001-09-18T13:39:16.959Z", "Email": "erlsontmadara@gmail.com", "EmailVerified": false, "is_active": true, "is_superuser": false, "Created": "2025-01-27T10:04:26.628Z", "Updated": "2025-01-27T10:04:26.628Z", "groups": [], "user_permissions": []}}, {"model": "citizen.citizen", "pk": 7, "fields": {"password": "pbkdf2_sha256$870000$u0544k4tnRoWLJFeHPsM7n$4xsYVcGApJeorFhmcMqBvFehyFaB5IWCnE0XEuNunsg=", "last_login": null, "PublicId": "2540e0e2-1337-44fc-b5f3-ddf2f7d14639", "UserName": "user5", "FirstName": "user5", "SecondName": null, "Surname": "surname5", "NationalId": "8484jsjsjdf", "DOB": "2012-01-20T13:39:16Z", "Email": "user5@email.gmail.com", "EmailVerified": false, "is_active": true, "is_superuser": false, "Created": "2025-02-03T12:36:38.310Z", "Updated": "2025-02-03T12:36:38.310Z", "groups": [], "user_permissions": []}}, {"model": "citizen.citizen", "pk": 8, "fields": {"password": "pbkdf2_sha256$870000$58v30jL81RTXBiCMXnmDg0$vmpolgICXf5nEI1Acne0wEpBmojMJX5pgWhUQbo2YhI=", "last_login": null, "PublicId": "fd8605ef-f2c1-48f1-8042-f191c7ab921c", "UserName": "user7", "FirstName": "user7", "SecondName": null, "Surname": "surname7", "NationalId": "848jsjdf", "DOB": "2012-01-20T13:39:16Z", "Email": "user7@email.gmail.com", "EmailVerified": false, "is_active": true, "is_superuser": false, "Created": "2025-03-03T10:14:21.806Z", "Updated": "2025-03-03T10:14:21.806Z", "groups": [], "user_permissions": []}}, {"model": "citizen.citizen", "pk": 9, "fields": {"password": "pbkdf2_sha256$870000$jQDcDAiR8BFXpfeXGRq2d9$ZyOLwrxUOQavfLTTiBEVrYwQlgzI3ZSlUlkWTJsZzvU=", "last_login": null, "PublicId": "0ee6df67-b8d8-4f8b-8298-253f212664ed", "UserName": "user8", "FirstName": "user8", "SecondName": null, "Surname": "surname8", "NationalId": "848jsdf", "DOB": "2012-01-20T13:39:16Z", "Email": "user8@email.gmail.com", "EmailVerified": false, "is_active": true, "is_superuser": false, "Created": "2025-03-03T10:14:44.250Z", "Updated": "2025-03-03T10:14:44.250Z", "groups": [], "user_permissions": []}}, {"model": "citizen.citizen", "pk": 10, "fields": {"password": "pbkdf2_sha256$870000$TLJAfWS92IKbpcH2P7nsfG$RCdz4vceL4JnWKuadg1vT/xL472NGh3T5kxs/R2VDyw=", "last_login": null, "PublicId": "0f975b51-060a-4020-a3f4-f7c781d3faad", "UserName": "user9", "FirstName": "user9", "SecondName": null, "Surname": "surname9", "NationalId": "848jsdf9", "DOB": "2012-01-20T13:39:16Z", "Email": "user9@email.com", "EmailVerified": false, "is_active": true, "is_superuser": false, "Created": "2025-03-28T08:36:29.702Z", "Updated": "2025-03-28T08:36:29.702Z", "groups": [], "user_permissions": []}}, {"model": "citizen.citizen", "pk": 11, "fields": {"password": "pbkdf2_sha256$870000$FAp0wNugmZ3ebZZSCoeQxc$HBNphVLIEHV2zR4hUjR2F72DSEMimhIdLI23u/C16EQ=", "last_login": null, "PublicId": "88406c4b-e60b-499e-9a80-b9d2ede1d562", "UserName": "UITestIsername", "FirstName": "Ui Test", "SecondName": null, "Surname": "UiTest", "NationalId": "UitestId", "DOB": "2004-06-30T00:00:00Z", "Email": "uitest@gmail.com", "EmailVerified": false, "is_active": true, "is_superuser": false, "Created": "2025-03-29T07:25:04.400Z", "Updated": "2025-03-29T07:25:04.400Z", "groups": [], "user_permissions": []}}, {"model": "siteManager.sitemanager", "pk": 3, "fields": {"password": "pbkdf2_sha256$870000$6OAYQvqzOJdedapsKSeNI4$/9luyV8ctkNdDYjaafSJON47KdLEqIcJxanCHI8oLA4=", "last_login": null, "PublicId": "8e2a331c-d63c-43fc-98e0-751e02cafa25", "Created": "2025-01-27T10:20:39.503Z", "Updated": "2025-01-27T10:20:39.503Z", "ManagerUserName": "A3R0", "Citizen": 6, "FirstEmail": "erlsontmadara@gmail.com", "SecondEmail": null}}, {"model": "administrator.administrator", "pk": 1, "fields": {"password": "pbkdf2_sha256$870000$x9OECY0Gp04lBwMtHjeNAe$3TDPdy6TDjm25sVCmKh4tDJ2VLGQBUVej8j0ZKk+Azs=", "last_login": null, "PublicId": "302db681-46b2-4ca7-ba2a-121ef53ee10a", "Created": "2025-01-29T13:07:15.877Z", "Updated": "2025-01-29T13:07:15.877Z", "AdministratorUserName": "A3R0", "Citizen": 1, "FirstEmail": "admin1@gmail.com", "SecondEmail": null, "GranteeLimit": 30}}, {"model": "administrator.administrator", "pk": 2, "fields": {"password": "pbkdf2_sha256$870000$GjU9MEZ02wRCGrvQinnqIB$PZIdUpi+uj3sjpzXZBmtY3lmCE3Vu1U3gDR3HXDsfKc=", "last_login": null, "PublicId": "dd5f04e8-efac-4ae3-b079-fe6946a29cd5", "Created": "2025-02-03T12:44:21.887Z", "Updated": "2025-02-03T12:44:21.887Z", "AdministratorUserName": "AdminiDeptest", "Citizen": 7, "FirstEmail": "adminiDeptest@gmail.com", "SecondEmail": null, "GranteeLimit": 30}}, {"model": "administrator.administrator", "pk": 3, "fields": {"password": "pbkdf2_sha256$870000$D99oPza1RSzK5AhecBdoNZ$X7j11XKqPOkVbAkLEJOuVcFWM58dZ+bdyH96+270oVw=", "last_login": null, "PublicId": "f912492d-f6f5-4064-893b-c9cee0f8badf", "Created": "2025-04-02T19:49:46.303Z", "Updated": "2025-04-02T19:49:46.303Z", "AdministratorUserName": "ANewAdmin", "Citizen": 9, "FirstEmail": "newAdmin@admin.com", "SecondEmail": "newAdmin@admin.com", "GranteeLimit": 20}}, {"model": "grantee.grantee", "pk": 1, "fields": {"password": "pbkdf2_sha256$870000$DBLdCa0O2GmFLaS1dXIJwf$VondvyAsqB3YTHv0agTdB/bDXr4lbZASsqXLqTaG0z8=", "last_login": null, "PublicId": "6b605828-5c0a-4b59-9849-e67e2a90feb8", "Created": "2025-01-31T14:11:12.019Z", "Updated": "2025-02-02T08:48:25.359Z", "GranteeUserName": "grantee1", "Citizen": 5, "Administrator": 1, "Association": 2, "FirstEmail": "grantee1@gmail.com", "SecondEmail": null}}, {"model": "grantee.grantee", "pk": 2, "fields": {"password": "pbkdf2_sha256$870000$nXKVsLjDipeiouPc6x7hA3$pSReGOuty3HE7bQ1nGAhwL61fGRzvUzlvJ9zLl0pBKg=", "last_login": null, "PublicId": "1c3c9760-d07a-4367-a30e-6a956a88ade0", "Created": "2025-04-02T14:21:15.991Z", "Updated": "2025-04-02T14:21:15.991Z", "GranteeUserName": "grantee22", "Citizen": 11, "Administrator": 1, "Association": 4, "FirstEmail": "grantee2@email.com", "SecondEmail": null}}, {"model": "grantee.grantee", "pk": 3, "fields": {"password": "pbkdf2_sha256$870000$WOHi1Ixy36j2xMMCAmEiCK$pw5W7H3libANyvJrvsCc6iHY5x5irEfUNuHQl1zfEi4=", "last_login": null, "PublicId": "ad09ad1f-6b6a-43da-9f62-8d91358a0596", "Created": "2025-04-03T06:45:50.205Z", "Updated": "2025-04-03T06:45:50.205Z", "GranteeUserName": "UzGrantee", "Citizen": 10, "Administrator": 3, "Association": 6, "FirstEmail": "grantee3@email.com", "SecondEmail": "grantee3@email.com"}}, {"model": "grantee.grantee", "pk": 4, "fields": {"password": "pbkdf2_sha256$870000$oZe49ULiBcaDKVf1YPVuue$qi8jvOqiCWGc+YG943ukf5m5bzgo8pAxh8BuJrwqa9U=", "last_login": null, "PublicId": "f709b2f5-5d21-4aed-b67f-f95bbaa830ec", "Created": "2025-04-03T09:10:34.632Z", "Updated": "2025-04-03T09:10:34.632Z", "GranteeUserName": "grantee44", "Citizen": 6, "Administrator": 1, "Association": 5, "FirstEmail": "grantee4@gmail.com", "SecondEmail": "grantee4@gmail.com"}}, {"model": "grantee.grantee", "pk": 5, "fields": {"password": "pbkdf2_sha256$870000$RduhxYAhz5HCopVHZE7JLf$A7biwSJ4ZjXoznxOPg6ZEUEplHPezSz7arblN1HbYyE=", "last_login": null, "PublicId": "0b530e92-b3aa-4972-9c06-94212af368c0", "Created": "2025-04-03T09:37:11.621Z", "Updated": "2025-04-03T09:37:11.621Z", "GranteeUserName": "grantee55", "Citizen": 7, "Administrator": 1, "Association": 7, "FirstEmail": "grantee55@gmail.com", "SecondEmail": "grantee55@gmail.com"}}, {"model": "department.department", "pk": 1, "fields": {"PublicId": "fc688c8e-c47d-4ce5-9591-fab592628666", "Created": "2025-02-03T12:44:21.989Z", "Updated": "2025-04-04T08:23:48.498Z", "Title": "Test Depart", "Administrator": 2, "Description": "for testing purposes", "Email": "department1@gmail.com", "Telephone": "07782899090", "Website": "https://chatgpt.com/c/679f9248-6eb0-8003-8e53-6fee13fd4892"}}, {"model": "department.department", "pk": 16, "fields": {"PublicId": "9bd7083b-637a-4028-91e7-4971883c3170", "Created": "2025-02-03T13:30:16.868Z", "Updated": "2025-04-02T09:52:24.876Z", "Title": "department ui", "Administrator": 1, "Description": "for testing purposes 2", "Email": "department2025@gmail.com", "Telephone": "07782827400", "Website": "https://chatgpt.com/c/6794fb63-2878-8003-a001-f078323e9b08"}}, {"model": "department.department", "pk": 17, "fields": {"PublicId": "9cb357d9-ccd9-4d2a-abe9-391ff8e3fda7", "Created": "2025-04-03T06:24:03.042Z", "Updated": "2025-04-03T06:24:03.042Z", "Title": "Ministry of uz", "Administrator": 3, "Description": "uz stuff", "Email": "uz@their.email.com", "Telephone": "07782827", "Website": "https://emhare.uz.ac.zw/Users/login"}}, {"model": "association.association", "pk": 1, "fields": {"PublicId": "95498a7d-c33e-4593-8e6d-4767c1447a9a", "Created": "2025-02-03T13:30:16.893Z", "Updated": "2025-04-02T09:53:46.936Z", "Title": "association190", "Email": "association1@gmail.com", "Department": 16, "Description": "association1 description", "Website": "https://chatgpt.com/c/6794fb63-2878-8003-a001-f078323e9b08"}}, {"model": "association.association", "pk": 2, "fields": {"PublicId": "b7026842-9649-4957-af28-8eebbc036d37", "Created": "2025-02-03T13:39:16.388Z", "Updated": "2025-02-03T13:39:16.388Z", "Title": "association2", "Email": "association2@gmail.com", "Department": 16, "Description": "association2 description", "Website": "https://chatgpt.com/c/6794fb63-2878-8003-a001-f078323e9b08"}}, {"model": "association.association", "pk": 3, "fields": {"PublicId": "87f6bc7d-ce27-4314-812f-ac00d32f60c4", "Created": "2025-04-02T11:02:36.362Z", "Updated": "2025-04-02T11:02:36.363Z", "Title": "Association ui", "Email": "testEmail1@gmail.com", "Department": 1, "Description": "another association", "Website": "https://google.com"}}, {"model": "association.association", "pk": 4, "fields": {"PublicId": "7d834605-9c93-413a-8f07-4fb3d0a15f22", "Created": "2025-04-02T12:30:23.661Z", "Updated": "2025-04-02T12:30:23.661Z", "Title": "association test", "Email": "aaaa@association.com", "Department": 16, "Description": "description", "Website": "https://google.com"}}, {"model": "association.association", "pk": 5, "fields": {"PublicId": "a6d8a9b8-01ca-4e96-bf08-04d2dd4c69a8", "Created": "2025-04-02T17:49:32.214Z", "Updated": "2025-04-02T17:49:32.215Z", "Title": "Passport Test", "Email": "passport@gov.ac.zw", "Department": 16, "Description": "an association", "Website": "https://google.com"}}, {"model": "association.association", "pk": 6, "fields": {"PublicId": "770b00b1-5481-44ed-b68c-48ab3bbc9d35", "Created": "2025-04-03T06:24:40.873Z", "Updated": "2025-04-03T06:24:40.873Z", "Title": "Uz test", "Email": "uz@their.email.com", "Department": 17, "Description": "uz stuff", "Website": "https://emhare.uz.ac.zw/Users/login"}}, {"model": "association.association", "pk": 7, "fields": {"PublicId": "e9e5a583-8bff-4056-93d5-d3a2d4425674", "Created": "2025-04-03T09:25:14.929Z", "Updated": "2025-04-03T09:25:14.929Z", "Title": "testAdminui", "Email": "admin.ui@gmail.com", "Department": 16, "Description": "test admin ui", "Website": "https://cpc.org.zw/index.php/about-us/"}}, {"model": "association.association", "pk": 8, "fields": {"PublicId": "1ad78378-7c6e-4c5d-a39d-ed2eecc52448", "Created": "2025-04-04T08:14:48.737Z", "Updated": "2025-04-04T08:14:48.737Z", "Title": "one mor etest", "Email": "onemore@more.com", "Department": 16, "Description": "one more", "Website": "https://bogus.com"}}, {"model": "publicService.publicservice", "pk": 4, "fields": {"PublicId": "59492fdc-173c-4232-b548-c782d0009b8c", "Created": "2025-02-27T08:22:31.224Z", "Updated": "2025-04-02T09:54:27.370Z", "Title": "testService", "MachineName": "testServiceop", "Description": "testService Description", "Email": "testService2025@gmail.com", "Association": 2, "Restricted": false, "URL": "http://127.0.0.1:8000/api/", "Visibility": true, "Grantee": [1], "Methods": []}}, {"model": "publicService.publicservice", "pk": 5, "fields": {"PublicId": "10cd455a-4517-4794-bb2b-0fe4edbbe88a", "Created": "2025-04-02T06:31:40.140Z", "Updated": "2025-04-02T06:31:40.173Z", "Title": "Google", "MachineName": "google", "Description": "Describe google", "Email": "testEmail1@gmail.com", "Association": 2, "Restricted": false, "URL": "https://www.google.com/", "Visibility": true, "Grantee": [1], "Methods": []}}, {"model": "publicService.publicservice", "pk": 6, "fields": {"PublicId": "98eaa468-19a5-4960-929a-e448cfc28783", "Created": "2025-04-03T06:59:36.131Z", "Updated": "2025-04-03T06:59:36.159Z", "Title": "UzService", "MachineName": "uz_service1", "Description": "uz stuff", "Email": "uz@their.email.com", "Association": 6, "Restricted": false, "URL": "https://emhare.uz.ac.zw/Users/login", "Visibility": true, "Grantee": [3], "Methods": []}}, {"model": "publicService.publicservice", "pk": 7, "fields": {"PublicId": "2fba4ea6-0622-46d5-8906-0967db4286e1", "Created": "2025-04-03T08:14:27.501Z", "Updated": "2025-04-03T08:14:27.526Z", "Title": "TestAdmin", "MachineName": "testAdmin", "Description": "test admin ui", "Email": "ui@gmail.com", "Association": 2, "Restricted": false, "URL": "https://www.poe.com/", "Visibility": true, "Grantee": [1], "Methods": []}}, {"model": "publicService.publicservice", "pk": 8, "fields": {"PublicId": "ab8e53b1-0e38-4afc-b4bf-5df3b99bd95f", "Created": "2025-04-03T09:40:46.782Z", "Updated": "2025-04-03T09:40:46.812Z", "Title": "testAdminUi", "MachineName": "testAdminUi", "Description": "https://cpc.org.zw/index.php/about-us/", "Email": "adminui@gmail.com", "Association": 7, "Restricted": false, "URL": "https://cpc.org.zw/index.php/about-us/", "Visibility": true, "Grantee": [5], "Methods": []}}, {"model": "request.request", "pk": 1, "fields": {"PublicId": "e2c9fc96-df45-4d7c-aa20-1d85f496b5f7", "Created": "2025-03-03T10:29:56.032Z", "Updated": "2025-03-03T10:29:56.032Z", "Subject": "Trial Test", "Citizen": 9, "PublicService": 4, "Message": "Trying out for the service"}}, {"model": "request.request", "pk": 2, "fields": {"PublicId": "409ffe69-0736-4903-b9f1-2d08d017acc3", "Created": "2025-04-02T10:42:32.985Z", "Updated": "2025-04-02T10:42:32.985Z", "Subject": "Request google", "Citizen": 9, "PublicService": 5, "Message": "heillo"}}, {"model": "request.request", "pk": 3, "fields": {"PublicId": "427a9c5d-08a3-40de-a00c-1d48ceeab943", "Created": "2025-04-02T12:54:54.883Z", "Updated": "2025-04-02T12:54:54.883Z", "Subject": "Google access", "Citizen": 1, "PublicService": 5, "Message": "i want do some research"}}, {"model": "request.request", "pk": 4, "fields": {"PublicId": "4a1e6579-b431-4f50-9bac-08215bdc5ed3", "Created": "2025-04-02T13:25:02.130Z", "Updated": "2025-04-02T13:25:02.130Z", "Subject": "Request service", "Citizen": 1, "PublicService": 4, "Message": "testing stuff"}}, {"model": "grant.grant", "pk": 1, "fields": {"PublicId": "c4917d9c-d594-45b9-9358-6e1aeed051ce", "Created": "2025-03-03T10:29:56.047Z", "Updated": "2025-04-03T11:33:59.455Z", "Message": "Youve been granted permission", "Request": 1, "Grantee": 1, "Decline": false, "StartDate": "2025-04-03T13:31:00Z", "EndDate": "2025-04-11T13:31:00Z"}}, {"model": "grant.grant", "pk": 2, "fields": {"PublicId": "3b281780-d025-4130-9040-7087308db318", "Created": "2025-04-02T10:42:33.004Z", "Updated": "2025-04-02T10:42:33.004Z", "Message": "N/A", "Request": 2, "Grantee": null, "Decline": false, "StartDate": null, "EndDate": null}}, {"model": "grant.grant", "pk": 3, "fields": {"PublicId": "2b589dbf-daf8-4002-bf99-bed3208dfd30", "Created": "2025-04-02T12:54:54.896Z", "Updated": "2025-04-02T12:54:54.896Z", "Message": "N/A", "Request": 3, "Grantee": null, "Decline": false, "StartDate": null, "EndDate": null}}, {"model": "grant.grant", "pk": 4, "fields": {"PublicId": "401443dc-a395-4a04-98f1-24e184113105", "Created": "2025-04-02T13:25:02.144Z", "Updated": "2025-04-02T13:25:02.144Z", "Message": "N/A", "Request": 4, "Grantee": null, "Decline": false, "StartDate": null, "EndDate": null}}, {"model": "servicePermissions.publicservicepermission", "pk": 3, "fields": {"PublicService": 6}}, {"model": "servicePermissions.publicservicepermission", "pk": 5, "fields": {"PublicService": 5}}, {"model": "servicePermissions.publicservicepermission", "pk": 7, "fields": {"PublicService": 8}}, {"model": "servicePermissions.associationpermission", "pk": 4, "fields": {"Association": 5}}, {"model": "servicePermissions.associationpermission", "pk": 6, "fields": {"Association": 1}}, {"model": "servicePermissions.associationpermission", "pk": 8, "fields": {"Association": 7}}, {"model": "servicePermissions.departmentpermission", "pk": 1, "fields": {"Department": 16}}, {"model": "servicePermissions.departmentpermission", "pk": 2, "fields": {"Department": 16}}, {"model": "servicePermissions.departmentpermission", "pk": 9, "fields": {"Department": 16}}, {"model": "servicePermissions.departmentpermission", "pk": 10, "fields": {"Department": 16}}]