[{"model": "core.abstractpermission", "pk": 1, "fields": {"PublicId": "54d643cc-4c00-4d46-ab02-12c4eeb81969", "Created": "2025-04-01T08:20:51.676Z", "Updated": "2025-04-01T19:02:32.545Z", "Name": "Test Permission", "Description": "Test permission", "StartTime": "2025-04-01T10:19:00Z", "EndTime": "2025-05-04T10:19:00Z", "Citizens": [10]}}, {"model": "core.abstractpermission", "pk": 2, "fields": {"PublicId": "22a8e0bd-a83f-48fa-9e9c-6f23bfb9ab05", "Created": "2025-04-01T08:24:48.863Z", "Updated": "2025-04-01T08:24:48.863Z", "Name": "Test Permission", "Description": "Test permission", "StartTime": "2025-04-01T10:19:00Z", "EndTime": "2025-05-04T10:19:00Z", "Citizens": [10]}}, {"model": "core.abstractpermission", "pk": 3, "fields": {"PublicId": "b938ec16-524a-48ff-ab02-abffa51cac14", "Created": "2025-04-03T07:58:23.257Z", "Updated": "2025-04-03T07:59:05.460Z", "Name": "UzStudents", "Description": "uz stufffff", "StartTime": "2025-04-03T08:54:00Z", "EndTime": "2025-05-03T07:54:00Z", "Citizens": [10, 11]}}, {"model": "core.abstractpermission", "pk": 4, "fields": {"PublicId": "670055d0-a225-467c-a7f5-0a7d3d4f4294", "Created": "2025-04-03T08:01:26.570Z", "Updated": "2025-04-03T08:01:26.570Z", "Name": "Test Manager Permission", "Description": "Test manager", "StartTime": "2025-04-03T07:59:00Z", "EndTime": "2025-05-03T07:59:00Z", "Citizens": [6]}}, {"model": "core.abstractpermission", "pk": 5, "fields": {"PublicId": "fcf32ac4-c344-4524-9710-1a1cf810b214", "Created": "2025-04-03T08:50:35.973Z", "Updated": "2025-04-03T08:56:57.661Z", "Name": "test google service permission", "Description": "allow google", "StartTime": "2025-04-05T08:33:00Z", "EndTime": "2025-05-03T08:33:00Z", "Citizens": [1]}}, {"model": "core.abstractpermission", "pk": 6, "fields": {"PublicId": "7cc5b350-0cb0-4e12-9033-f748bd52c4dd", "Created": "2025-04-03T08:54:48.781Z", "Updated": "2025-04-03T08:54:48.781Z", "Name": "testAdminAssociation", "Description": "hshh", "StartTime": "2025-04-03T08:50:00Z", "EndTime": "2025-05-03T08:50:00Z", "Citizens": [6]}}, {"model": "core.abstractpermission", "pk": 7, "fields": {"PublicId": "d4908665-c4dc-4c71-be34-7126bcefa531", "Created": "2025-04-03T09:41:43.763Z", "Updated": "2025-04-03T09:41:43.763Z", "Name": "User5", "Description": "User5", "StartTime": "2025-04-03T09:41:00Z", "EndTime": "2025-05-03T09:41:00Z", "Citizens": [7]}}, {"model": "core.abstractpermission", "pk": 8, "fields": {"PublicId": "f3466fa4-67b2-4f75-b8a0-cbf2faf0c318", "Created": "2025-04-03T09:44:13.648Z", "Updated": "2025-04-03T09:44:13.648Z", "Name": "User5", "Description": "User5", "StartTime": "2025-04-03T09:42:00Z", "EndTime": "2025-05-03T09:42:00Z", "Citizens": [7]}}, {"model": "core.abstractpermission", "pk": 9, "fields": {"PublicId": "12325a22-02cd-497e-b112-c1eee2736011", "Created": "2025-04-03T10:08:13.645Z", "Updated": "2025-04-03T10:08:13.645Z", "Name": "User5", "Description": "User5", "StartTime": "2025-04-03T10:07:00Z", "EndTime": "2025-05-03T10:07:00Z", "Citizens": [7]}}, {"model": "core.abstractpermission", "pk": 10, "fields": {"PublicId": "db96e072-0fba-47d0-9691-eb5cbd5316dc", "Created": "2025-04-04T08:30:40.026Z", "Updated": "2025-04-04T08:30:40.026Z", "Name": "UzStud", "Description": "test", "StartTime": "2025-04-04T08:29:00Z", "EndTime": "2025-05-04T08:29:00Z", "Citizens": [1, 8, 9, 10, 11]}}, {"model": "core.abstractpermission", "pk": 11, "fields": {"PublicId": "34cc8b48-673b-4631-83b6-0f976251164e", "Created": "2025-04-29T12:16:47.994Z", "Updated": "2025-04-29T12:16:47.994Z", "Name": "User9", "Description": "stuff", "StartTime": "2025-04-29T12:15:00Z", "EndTime": "2025-05-29T12:15:00Z", "Citizens": [10]}}, {"model": "core.abstractpermission", "pk": 12, "fields": {"PublicId": "b2f2c3ea-9c2c-476f-acad-edc7f32a7d13", "Created": "2025-04-30T13:06:45.219Z", "Updated": "2025-04-30T13:06:45.220Z", "Name": "Department uz", "Description": "testing", "StartTime": "2025-04-30T13:05:00Z", "EndTime": "2025-05-30T13:05:00Z", "Citizens": [1, 2, 4, 5, 6, 7, 8, 9, 10, 11]}}, {"model": "core.abstractlogmodel", "pk": 3, "fields": {"PublicId": "ac045782-9df6-4490-b25c-923686ccbaaf", "Created": "2025-05-22T08:30:45.110Z", "Updated": "2025-05-22T08:30:45.110Z", "Citizen": 6, "Method": "GET", "Object": "PublicService", "RecordId": "n/a", "IpAddress": "::1", "Message": "Accessd Entity: N\\A"}}, {"model": "core.abstractlogmodel", "pk": 4, "fields": {"PublicId": "22c0f976-135e-4972-ba05-3241f69d3d07", "Created": "2025-05-22T08:30:45.153Z", "Updated": "2025-05-22T08:30:45.154Z", "Citizen": 6, "Method": "GET", "Object": "PublicService", "RecordId": "n/a", "IpAddress": "::1", "Message": "Accessd Entity: N\\A"}}, {"model": "core.abstractlogmodel", "pk": 5, "fields": {"PublicId": "a707353c-dde1-4bcd-a848-c092d2bb5684", "Created": "2025-05-22T08:31:29.603Z", "Updated": "2025-05-22T08:31:29.603Z", "Citizen": 6, "Method": "GET", "Object": "ManagerLog", "RecordId": "n/a", "IpAddress": "::1", "Message": "Accessd Entity: N\\A"}}, {"model": "core.abstractlogmodel", "pk": 6, "fields": {"PublicId": "fc00897f-f139-4ecf-970b-40bd20779897", "Created": "2025-05-22T08:40:46.973Z", "Updated": "2025-05-22T08:40:46.973Z", "Citizen": 10, "Method": "GET", "Object": "Service", "RecordId": "98eaa46819a54960929ae448cfc28783", "IpAddress": "::1", "Message": "Accessed Service: uz_service1"}}, {"model": "core.abstractlogmodel", "pk": 7, "fields": {"PublicId": "b41038c1-d505-4a44-91b9-0c7bc15c83d6", "Created": "2025-05-22T08:41:41.006Z", "Updated": "2025-05-22T08:41:41.006Z", "Citizen": 10, "Method": "GET", "Object": "Service", "RecordId": "98eaa46819a54960929ae448cfc28783", "IpAddress": "::1", "Message": "Accessed Service: uz_service1"}}, {"model": "core.abstractlogmodel", "pk": 8, "fields": {"PublicId": "9a6e709d-62ef-49d1-bcde-903f5a6a2377", "Created": "2025-05-22T08:43:08.623Z", "Updated": "2025-05-22T08:43:08.623Z", "Citizen": 10, "Method": "GET", "Object": "Service", "RecordId": "98eaa46819a54960929ae448cfc28783", "IpAddress": "::1", "Message": "Accessed Service: uz_service1"}}, {"model": "core.abstractlogmodel", "pk": 9, "fields": {"PublicId": "82108c53-4958-4583-9eae-6677d4b209fc", "Created": "2025-05-22T08:43:27.723Z", "Updated": "2025-05-22T08:43:27.723Z", "Citizen": 10, "Method": "GET", "Object": "Service", "RecordId": "98eaa46819a54960929ae448cfc28783", "IpAddress": "::1", "Message": "Accessed Service: uz_service1"}}, {"model": "core.abstractlogmodel", "pk": 10, "fields": {"PublicId": "46e2dd38-8447-45a3-8416-b681f20ece8b", "Created": "2025-05-22T08:44:09.346Z", "Updated": "2025-05-22T08:44:09.346Z", "Citizen": 10, "Method": "GET", "Object": "Service", "RecordId": "98eaa46819a54960929ae448cfc28783", "IpAddress": "::1", "Message": "Accessed Service: uz_service1"}}, {"model": "core.abstractlogmodel", "pk": 11, "fields": {"PublicId": "820ca745-978a-45a9-9cc6-2845135ac21d", "Created": "2025-05-22T08:44:10.985Z", "Updated": "2025-05-22T08:44:10.985Z", "Citizen": 10, "Method": "GET", "Object": "Service", "RecordId": "98eaa46819a54960929ae448cfc28783", "IpAddress": "::1", "Message": "Accessed Service: uz_service1"}}, {"model": "core.abstractlogmodel", "pk": 12, "fields": {"PublicId": "8151d695-dcb2-4283-b7b5-0d794dd09833", "Created": "2025-05-22T08:48:31.117Z", "Updated": "2025-05-22T08:48:31.117Z", "Citizen": 10, "Method": "GET", "Object": "Service", "RecordId": "98eaa46819a54960929ae448cfc28783", "IpAddress": "::1", "Message": "Accessed Service: uz_service1"}}, {"model": "core.abstractlogmodel", "pk": 13, "fields": {"PublicId": "246fb979-d5cf-49d0-bf52-190249cf7677", "Created": "2025-05-22T08:54:33.956Z", "Updated": "2025-05-22T08:54:33.956Z", "Citizen": 10, "Method": "GET", "Object": "Service", "RecordId": "98eaa46819a54960929ae448cfc28783", "IpAddress": "::1", "Message": "Accessed Service: uz_service1"}}, {"model": "core.abstractlogmodel", "pk": 14, "fields": {"PublicId": "470ecd67-936c-4a3b-8195-330352bf148b", "Created": "2025-05-22T09:14:07.494Z", "Updated": "2025-05-22T09:14:07.494Z", "Citizen": 10, "Method": "GET", "Object": "Service", "RecordId": "98eaa46819a54960929ae448cfc28783", "IpAddress": "127.0.0.1", "Message": "Accessed Service: uz_service1"}}, {"model": "core.abstractlogmodel", "pk": 15, "fields": {"PublicId": "626702e4-6e38-44e9-81e5-ea8fe3874b2c", "Created": "2025-05-22T09:14:09.906Z", "Updated": "2025-05-22T09:14:09.906Z", "Citizen": 10, "Method": "GET", "Object": "Service", "RecordId": "98eaa46819a54960929ae448cfc28783", "IpAddress": "127.0.0.1", "Message": "Accessed Service: uz_service1"}}, {"model": "core.abstractlogmodel", "pk": 16, "fields": {"PublicId": "10a352ad-1551-43e5-b2a6-ca7bf2fa3dcf", "Created": "2025-05-22T09:14:09.995Z", "Updated": "2025-05-22T09:14:09.995Z", "Citizen": 10, "Method": "GET", "Object": "Service", "RecordId": "98eaa46819a54960929ae448cfc28783", "IpAddress": "127.0.0.1", "Message": "Accessed Service: uz_service1"}}, {"model": "core.abstractlogmodel", "pk": 17, "fields": {"PublicId": "834190c3-06f1-44d7-8f89-e1e435c7b82d", "Created": "2025-05-22T09:14:10.034Z", "Updated": "2025-05-22T09:14:10.034Z", "Citizen": 10, "Method": "GET", "Object": "Service", "RecordId": "98eaa46819a54960929ae448cfc28783", "IpAddress": "127.0.0.1", "Message": "Accessed Service: uz_service1"}}, {"model": "core.abstractlogmodel", "pk": 18, "fields": {"PublicId": "c760b6fc-7202-465f-b9ba-36bdf6f54618", "Created": "2025-05-22T09:14:10.042Z", "Updated": "2025-05-22T09:14:10.043Z", "Citizen": 10, "Method": "GET", "Object": "Service", "RecordId": "98eaa46819a54960929ae448cfc28783", "IpAddress": "127.0.0.1", "Message": "Accessed Service: uz_service1"}}, {"model": "core.abstractlogmodel", "pk": 19, "fields": {"PublicId": "86f86e15-3bde-447b-862e-20ada82dea8b", "Created": "2025-05-22T09:14:10.570Z", "Updated": "2025-05-22T09:14:10.570Z", "Citizen": 10, "Method": "GET", "Object": "Service", "RecordId": "98eaa46819a54960929ae448cfc28783", "IpAddress": "127.0.0.1", "Message": "Accessed Service: uz_service1"}}, {"model": "core.abstractlogmodel", "pk": 20, "fields": {"PublicId": "0d6da54b-dd03-4c92-9b4e-bba297806097", "Created": "2025-05-22T09:14:10.585Z", "Updated": "2025-05-22T09:14:10.585Z", "Citizen": 10, "Method": "GET", "Object": "Service", "RecordId": "98eaa46819a54960929ae448cfc28783", "IpAddress": "127.0.0.1", "Message": "Accessed Service: uz_service1"}}, {"model": "core.abstractlogmodel", "pk": 21, "fields": {"PublicId": "817da01d-084e-4aa2-9d5f-db21bde76060", "Created": "2025-05-22T09:14:34.237Z", "Updated": "2025-05-22T09:14:34.238Z", "Citizen": 10, "Method": "GET", "Object": "Service", "RecordId": "98eaa46819a54960929ae448cfc28783", "IpAddress": "127.0.0.1", "Message": "Accessed Service: uz_service1"}}, {"model": "core.abstractlogmodel", "pk": 22, "fields": {"PublicId": "dd192cf6-c175-42b3-bbd6-dffe26add1d3", "Created": "2025-05-22T09:14:35.768Z", "Updated": "2025-05-22T09:14:35.768Z", "Citizen": 10, "Method": "GET", "Object": "Service", "RecordId": "98eaa46819a54960929ae448cfc28783", "IpAddress": "127.0.0.1", "Message": "Accessed Service: uz_service1"}}, {"model": "core.abstractlogmodel", "pk": 23, "fields": {"PublicId": "dc0e37bd-c28d-4d54-bd71-ffdcd91c1fd5", "Created": "2025-05-22T09:14:35.856Z", "Updated": "2025-05-22T09:14:35.856Z", "Citizen": 10, "Method": "GET", "Object": "Service", "RecordId": "98eaa46819a54960929ae448cfc28783", "IpAddress": "127.0.0.1", "Message": "Accessed Service: uz_service1"}}, {"model": "core.abstractlogmodel", "pk": 24, "fields": {"PublicId": "f9033f8d-1f60-4b67-8d35-0225f3751912", "Created": "2025-05-22T09:14:36.161Z", "Updated": "2025-05-22T09:14:36.161Z", "Citizen": 10, "Method": "GET", "Object": "Service", "RecordId": "98eaa46819a54960929ae448cfc28783", "IpAddress": "127.0.0.1", "Message": "Accessed Service: uz_service1"}}, {"model": "core.abstractlogmodel", "pk": 25, "fields": {"PublicId": "a3abfb38-48b9-4346-b136-dc3c8c3962fd", "Created": "2025-05-22T09:14:36.261Z", "Updated": "2025-05-22T09:14:36.261Z", "Citizen": 10, "Method": "GET", "Object": "Service", "RecordId": "98eaa46819a54960929ae448cfc28783", "IpAddress": "127.0.0.1", "Message": "Accessed Service: uz_service1"}}, {"model": "core.abstractlogmodel", "pk": 26, "fields": {"PublicId": "06ceaf0b-044e-4810-a9f1-d622d0f7f8e2", "Created": "2025-05-22T09:14:36.874Z", "Updated": "2025-05-22T09:14:36.874Z", "Citizen": 10, "Method": "GET", "Object": "Service", "RecordId": "98eaa46819a54960929ae448cfc28783", "IpAddress": "127.0.0.1", "Message": "Accessed Service: uz_service1"}}, {"model": "core.abstractlogmodel", "pk": 27, "fields": {"PublicId": "07bfd1b7-8c1e-47a1-b139-04f3370dd247", "Created": "2025-05-22T09:14:37.039Z", "Updated": "2025-05-22T09:14:37.039Z", "Citizen": 10, "Method": "GET", "Object": "Service", "RecordId": "98eaa46819a54960929ae448cfc28783", "IpAddress": "127.0.0.1", "Message": "Accessed Service: uz_service1"}}, {"model": "core.abstractlogmodel", "pk": 28, "fields": {"PublicId": "e1ec9f9c-785c-4a3d-b473-b19078c6641a", "Created": "2025-05-22T09:14:39.206Z", "Updated": "2025-05-22T09:14:39.206Z", "Citizen": 10, "Method": "GET", "Object": "Service", "RecordId": "98eaa46819a54960929ae448cfc28783", "IpAddress": "127.0.0.1", "Message": "Accessed Service: uz_service1"}}, {"model": "core.abstractlogmodel", "pk": 29, "fields": {"PublicId": "2c90fd5f-7c09-4a27-9859-9d0523ffa5c3", "Created": "2025-05-22T09:14:39.693Z", "Updated": "2025-05-22T09:14:39.693Z", "Citizen": 10, "Method": "GET", "Object": "Service", "RecordId": "98eaa46819a54960929ae448cfc28783", "IpAddress": "127.0.0.1", "Message": "Accessed Service: uz_service1"}}, {"model": "core.abstractlogmodel", "pk": 30, "fields": {"PublicId": "5a3066a2-e78c-4982-ae5f-5e0f7f296f08", "Created": "2025-05-22T09:14:40.124Z", "Updated": "2025-05-22T09:14:40.124Z", "Citizen": 10, "Method": "GET", "Object": "Service", "RecordId": "98eaa46819a54960929ae448cfc28783", "IpAddress": "127.0.0.1", "Message": "Accessed Service: uz_service1"}}, {"model": "core.abstractlogmodel", "pk": 31, "fields": {"PublicId": "0a8fe76d-05c2-4e13-a33e-e8673ee9a8d5", "Created": "2025-05-22T09:14:40.530Z", "Updated": "2025-05-22T09:14:40.530Z", "Citizen": 10, "Method": "GET", "Object": "Service", "RecordId": "98eaa46819a54960929ae448cfc28783", "IpAddress": "127.0.0.1", "Message": "Accessed Service: uz_service1"}}, {"model": "core.abstractlogmodel", "pk": 32, "fields": {"PublicId": "64979156-3faf-487f-88ee-cd43bece65d9", "Created": "2025-05-22T09:14:41.088Z", "Updated": "2025-05-22T09:14:41.088Z", "Citizen": 10, "Method": "GET", "Object": "Service", "RecordId": "98eaa46819a54960929ae448cfc28783", "IpAddress": "127.0.0.1", "Message": "Accessed Service: uz_service1"}}, {"model": "core.abstractlogmodel", "pk": 33, "fields": {"PublicId": "c73c0af9-e795-4658-818f-cf51efd0cb89", "Created": "2025-05-22T09:14:52.116Z", "Updated": "2025-05-22T09:14:52.116Z", "Citizen": 10, "Method": "GET", "Object": "Service", "RecordId": "98eaa46819a54960929ae448cfc28783", "IpAddress": "127.0.0.1", "Message": "Accessed Service: uz_service1"}}, {"model": "core.abstractlogmodel", "pk": 34, "fields": {"PublicId": "1c8fcd25-c57e-4d88-9d63-43ce334ecf4a", "Created": "2025-05-22T09:14:53.853Z", "Updated": "2025-05-22T09:14:53.853Z", "Citizen": 10, "Method": "GET", "Object": "Service", "RecordId": "98eaa46819a54960929ae448cfc28783", "IpAddress": "127.0.0.1", "Message": "Accessed Service: uz_service1"}}, {"model": "core.abstractlogmodel", "pk": 35, "fields": {"PublicId": "2423c91e-39ba-422a-a980-355fa6ea227d", "Created": "2025-05-22T09:14:54.075Z", "Updated": "2025-05-22T09:14:54.075Z", "Citizen": 10, "Method": "GET", "Object": "Service", "RecordId": "98eaa46819a54960929ae448cfc28783", "IpAddress": "127.0.0.1", "Message": "Accessed Service: uz_service1"}}, {"model": "core.abstractlogmodel", "pk": 36, "fields": {"PublicId": "87fd6635-19c8-45d1-aec3-718421065a6a", "Created": "2025-05-22T09:14:54.283Z", "Updated": "2025-05-22T09:14:54.283Z", "Citizen": 10, "Method": "GET", "Object": "Service", "RecordId": "98eaa46819a54960929ae448cfc28783", "IpAddress": "127.0.0.1", "Message": "Accessed Service: uz_service1"}}, {"model": "core.abstractlogmodel", "pk": 37, "fields": {"PublicId": "c43bfa10-6e40-4d15-adee-3f8aeb789fe8", "Created": "2025-05-22T09:14:54.395Z", "Updated": "2025-05-22T09:14:54.395Z", "Citizen": 10, "Method": "GET", "Object": "Service", "RecordId": "98eaa46819a54960929ae448cfc28783", "IpAddress": "127.0.0.1", "Message": "Accessed Service: uz_service1"}}, {"model": "core.abstractlogmodel", "pk": 38, "fields": {"PublicId": "8ce15cee-ee96-40dc-8393-3f1d07133be1", "Created": "2025-05-22T09:14:54.453Z", "Updated": "2025-05-22T09:14:54.453Z", "Citizen": 10, "Method": "GET", "Object": "Service", "RecordId": "98eaa46819a54960929ae448cfc28783", "IpAddress": "127.0.0.1", "Message": "Accessed Service: uz_service1"}}, {"model": "core.abstractlogmodel", "pk": 39, "fields": {"PublicId": "a3b0b092-0785-464a-87c0-37faf718eda5", "Created": "2025-05-22T09:14:55.186Z", "Updated": "2025-05-22T09:14:55.186Z", "Citizen": 10, "Method": "GET", "Object": "Service", "RecordId": "98eaa46819a54960929ae448cfc28783", "IpAddress": "127.0.0.1", "Message": "Accessed Service: uz_service1"}}, {"model": "core.abstractlogmodel", "pk": 40, "fields": {"PublicId": "f00aab57-3355-441e-ae2e-7965ad4f7070", "Created": "2025-05-22T09:14:55.242Z", "Updated": "2025-05-22T09:14:55.243Z", "Citizen": 10, "Method": "GET", "Object": "Service", "RecordId": "98eaa46819a54960929ae448cfc28783", "IpAddress": "127.0.0.1", "Message": "Accessed Service: uz_service1"}}, {"model": "core.abstractlogmodel", "pk": 41, "fields": {"PublicId": "ec999d42-ad4b-44fa-9a54-744db79d25ab", "Created": "2025-05-22T09:14:55.431Z", "Updated": "2025-05-22T09:14:55.431Z", "Citizen": 10, "Method": "GET", "Object": "Service", "RecordId": "98eaa46819a54960929ae448cfc28783", "IpAddress": "127.0.0.1", "Message": "Accessed Service: uz_service1"}}, {"model": "core.abstractlogmodel", "pk": 42, "fields": {"PublicId": "b4807cbe-f8d1-437b-b2d9-7d9fb6ca4162", "Created": "2025-05-22T09:14:56.240Z", "Updated": "2025-05-22T09:14:56.240Z", "Citizen": 10, "Method": "GET", "Object": "Service", "RecordId": "98eaa46819a54960929ae448cfc28783", "IpAddress": "127.0.0.1", "Message": "Accessed Service: uz_service1"}}, {"model": "core.abstractlogmodel", "pk": 43, "fields": {"PublicId": "f398840f-b660-4fc3-90c0-8212c9ea538d", "Created": "2025-05-22T09:14:56.758Z", "Updated": "2025-05-22T09:14:56.758Z", "Citizen": 10, "Method": "GET", "Object": "Service", "RecordId": "98eaa46819a54960929ae448cfc28783", "IpAddress": "127.0.0.1", "Message": "Accessed Service: uz_service1"}}, {"model": "core.abstractlogmodel", "pk": 44, "fields": {"PublicId": "8abbcf05-49f4-4fd3-b9e0-f3dd1aeacbbd", "Created": "2025-05-22T09:14:57.236Z", "Updated": "2025-05-22T09:14:57.236Z", "Citizen": 10, "Method": "GET", "Object": "Service", "RecordId": "98eaa46819a54960929ae448cfc28783", "IpAddress": "127.0.0.1", "Message": "Accessed Service: uz_service1"}}, {"model": "core.abstractlogmodel", "pk": 45, "fields": {"PublicId": "01549185-4999-44fe-a5eb-74cdb3d6f47d", "Created": "2025-05-22T09:14:57.619Z", "Updated": "2025-05-22T09:14:57.619Z", "Citizen": 10, "Method": "GET", "Object": "Service", "RecordId": "98eaa46819a54960929ae448cfc28783", "IpAddress": "127.0.0.1", "Message": "Accessed Service: uz_service1"}}, {"model": "core.abstractlogmodel", "pk": 46, "fields": {"PublicId": "937ff596-db37-4876-b53c-da94b3810c53", "Created": "2025-05-22T09:14:58.018Z", "Updated": "2025-05-22T09:14:58.018Z", "Citizen": 10, "Method": "GET", "Object": "Service", "RecordId": "98eaa46819a54960929ae448cfc28783", "IpAddress": "127.0.0.1", "Message": "Accessed Service: uz_service1"}}, {"model": "core.abstractlogmodel", "pk": 47, "fields": {"PublicId": "d359e66e-88be-4dea-b2fd-5e652324a750", "Created": "2025-05-22T09:14:58.454Z", "Updated": "2025-05-22T09:14:58.454Z", "Citizen": 10, "Method": "GET", "Object": "Service", "RecordId": "98eaa46819a54960929ae448cfc28783", "IpAddress": "127.0.0.1", "Message": "Accessed Service: uz_service1"}}, {"model": "core.abstractlogmodel", "pk": 48, "fields": {"PublicId": "9edaffd7-facf-416b-93b2-7e10cf4a363a", "Created": "2025-05-22T09:15:15.530Z", "Updated": "2025-05-22T09:15:15.530Z", "Citizen": 10, "Method": "GET", "Object": "Service", "RecordId": "98eaa46819a54960929ae448cfc28783", "IpAddress": "127.0.0.1", "Message": "Accessed Service: uz_service1"}}, {"model": "core.abstractlogmodel", "pk": 49, "fields": {"PublicId": "c0d99ae1-7e61-48e0-934d-c4d175367218", "Created": "2025-05-22T09:15:23.286Z", "Updated": "2025-05-22T09:15:23.286Z", "Citizen": 10, "Method": "GET", "Object": "Service", "RecordId": "98eaa46819a54960929ae448cfc28783", "IpAddress": "127.0.0.1", "Message": "Accessed Service: uz_service1"}}, {"model": "core.abstractlogmodel", "pk": 50, "fields": {"PublicId": "91a99fa7-4f8e-4cbc-aa87-2ce67f460376", "Created": "2025-05-22T09:15:25.901Z", "Updated": "2025-05-22T09:15:25.901Z", "Citizen": 10, "Method": "GET", "Object": "Service", "RecordId": "98eaa46819a54960929ae448cfc28783", "IpAddress": "127.0.0.1", "Message": "Accessed Service: uz_service1"}}, {"model": "core.abstractlogmodel", "pk": 51, "fields": {"PublicId": "b220acc1-cc3e-4676-9118-a859d28e0b02", "Created": "2025-05-22T09:15:26.179Z", "Updated": "2025-05-22T09:15:26.179Z", "Citizen": 10, "Method": "GET", "Object": "Service", "RecordId": "98eaa46819a54960929ae448cfc28783", "IpAddress": "127.0.0.1", "Message": "Accessed Service: uz_service1"}}, {"model": "core.abstractlogmodel", "pk": 52, "fields": {"PublicId": "861a21de-b517-41c7-8f72-aed6f6ff5e38", "Created": "2025-05-22T09:15:26.262Z", "Updated": "2025-05-22T09:15:26.262Z", "Citizen": 10, "Method": "GET", "Object": "Service", "RecordId": "98eaa46819a54960929ae448cfc28783", "IpAddress": "127.0.0.1", "Message": "Accessed Service: uz_service1"}}, {"model": "core.abstractlogmodel", "pk": 53, "fields": {"PublicId": "acea4709-2b2d-4808-95d1-ea074c787f13", "Created": "2025-05-22T09:15:26.434Z", "Updated": "2025-05-22T09:15:26.434Z", "Citizen": 10, "Method": "GET", "Object": "Service", "RecordId": "98eaa46819a54960929ae448cfc28783", "IpAddress": "127.0.0.1", "Message": "Accessed Service: uz_service1"}}, {"model": "core.abstractlogmodel", "pk": 54, "fields": {"PublicId": "a29ec9f4-edca-4270-995f-e8dc0721a287", "Created": "2025-05-22T09:15:26.786Z", "Updated": "2025-05-22T09:15:26.786Z", "Citizen": 10, "Method": "GET", "Object": "Service", "RecordId": "98eaa46819a54960929ae448cfc28783", "IpAddress": "127.0.0.1", "Message": "Accessed Service: uz_service1"}}, {"model": "core.abstractlogmodel", "pk": 55, "fields": {"PublicId": "0cf0022e-93d3-46ea-a26b-f1b6c36d2825", "Created": "2025-05-22T09:15:27.992Z", "Updated": "2025-05-22T09:15:27.992Z", "Citizen": 10, "Method": "GET", "Object": "Service", "RecordId": "98eaa46819a54960929ae448cfc28783", "IpAddress": "127.0.0.1", "Message": "Accessed Service: uz_service1"}}, {"model": "core.abstractlogmodel", "pk": 56, "fields": {"PublicId": "e1398d0b-a73e-4b74-a208-3009f9d55ce5", "Created": "2025-05-22T09:15:29.248Z", "Updated": "2025-05-22T09:15:29.248Z", "Citizen": 10, "Method": "GET", "Object": "Service", "RecordId": "98eaa46819a54960929ae448cfc28783", "IpAddress": "127.0.0.1", "Message": "Accessed Service: uz_service1"}}, {"model": "core.abstractlogmodel", "pk": 57, "fields": {"PublicId": "92b34a26-c46c-4136-8ab0-a682c26e90ef", "Created": "2025-05-22T09:15:30.186Z", "Updated": "2025-05-22T09:15:30.186Z", "Citizen": 10, "Method": "GET", "Object": "Service", "RecordId": "98eaa46819a54960929ae448cfc28783", "IpAddress": "127.0.0.1", "Message": "Accessed Service: uz_service1"}}, {"model": "core.abstractlogmodel", "pk": 58, "fields": {"PublicId": "9b46b7f7-3e21-4942-b51d-f42dead43df4", "Created": "2025-05-22T09:15:31.798Z", "Updated": "2025-05-22T09:15:31.798Z", "Citizen": 10, "Method": "GET", "Object": "Service", "RecordId": "98eaa46819a54960929ae448cfc28783", "IpAddress": "127.0.0.1", "Message": "Accessed Service: uz_service1"}}, {"model": "core.abstractlogmodel", "pk": 59, "fields": {"PublicId": "7b9777f7-3edd-4c4f-94c5-7519d26c0423", "Created": "2025-05-22T09:15:34.982Z", "Updated": "2025-05-22T09:15:34.982Z", "Citizen": 10, "Method": "GET", "Object": "Service", "RecordId": "98eaa46819a54960929ae448cfc28783", "IpAddress": "127.0.0.1", "Message": "Accessed Service: uz_service1"}}, {"model": "core.abstractlogmodel", "pk": 60, "fields": {"PublicId": "996ea2d3-dd41-46e4-ab5f-4114a0b02841", "Created": "2025-05-22T09:15:37.614Z", "Updated": "2025-05-22T09:15:37.614Z", "Citizen": 10, "Method": "GET", "Object": "Service", "RecordId": "98eaa46819a54960929ae448cfc28783", "IpAddress": "127.0.0.1", "Message": "Accessed Service: uz_service1"}}, {"model": "core.abstractlogmodel", "pk": 61, "fields": {"PublicId": "c7398ddb-4e6e-401f-a15c-49800460c8e6", "Created": "2025-05-22T09:15:41.643Z", "Updated": "2025-05-22T09:15:41.643Z", "Citizen": 10, "Method": "GET", "Object": "Service", "RecordId": "98eaa46819a54960929ae448cfc28783", "IpAddress": "127.0.0.1", "Message": "Accessed Service: uz_service1"}}, {"model": "core.abstractlogmodel", "pk": 62, "fields": {"PublicId": "8c09f085-5235-4efc-bb65-4d7e61a621c2", "Created": "2025-05-22T09:16:06.692Z", "Updated": "2025-05-22T09:16:06.692Z", "Citizen": 10, "Method": "GET", "Object": "Service", "RecordId": "98eaa46819a54960929ae448cfc28783", "IpAddress": "127.0.0.1", "Message": "Accessed Service: uz_service1"}}, {"model": "core.abstractlogmodel", "pk": 63, "fields": {"PublicId": "e9e13279-3026-4682-ba03-ba1a290302fa", "Created": "2025-05-22T09:16:09.000Z", "Updated": "2025-05-22T09:16:09.000Z", "Citizen": 10, "Method": "GET", "Object": "Service", "RecordId": "98eaa46819a54960929ae448cfc28783", "IpAddress": "127.0.0.1", "Message": "Accessed Service: uz_service1"}}, {"model": "core.abstractlogmodel", "pk": 64, "fields": {"PublicId": "11369b3d-549b-460a-b30e-fa05c3f8ceab", "Created": "2025-05-22T09:16:09.050Z", "Updated": "2025-05-22T09:16:09.050Z", "Citizen": 10, "Method": "GET", "Object": "Service", "RecordId": "98eaa46819a54960929ae448cfc28783", "IpAddress": "127.0.0.1", "Message": "Accessed Service: uz_service1"}}, {"model": "core.abstractlogmodel", "pk": 65, "fields": {"PublicId": "27cdb353-ee79-40ae-99de-5b2b39a311bd", "Created": "2025-05-22T09:16:09.131Z", "Updated": "2025-05-22T09:16:09.131Z", "Citizen": 10, "Method": "GET", "Object": "Service", "RecordId": "98eaa46819a54960929ae448cfc28783", "IpAddress": "127.0.0.1", "Message": "Accessed Service: uz_service1"}}, {"model": "core.abstractlogmodel", "pk": 66, "fields": {"PublicId": "24f85b9a-2abd-446e-bfbb-692dffcd4e29", "Created": "2025-05-22T09:16:09.358Z", "Updated": "2025-05-22T09:16:09.358Z", "Citizen": 10, "Method": "GET", "Object": "Service", "RecordId": "98eaa46819a54960929ae448cfc28783", "IpAddress": "127.0.0.1", "Message": "Accessed Service: uz_service1"}}, {"model": "core.abstractlogmodel", "pk": 67, "fields": {"PublicId": "47e6acc3-fa78-4b79-9197-b14b45f28b76", "Created": "2025-05-22T09:16:09.450Z", "Updated": "2025-05-22T09:16:09.450Z", "Citizen": 10, "Method": "GET", "Object": "Service", "RecordId": "98eaa46819a54960929ae448cfc28783", "IpAddress": "127.0.0.1", "Message": "Accessed Service: uz_service1"}}, {"model": "core.abstractlogmodel", "pk": 68, "fields": {"PublicId": "5a77c34a-f62b-4fba-b39e-2fd925ac926a", "Created": "2025-05-22T09:16:10.533Z", "Updated": "2025-05-22T09:16:10.533Z", "Citizen": 10, "Method": "GET", "Object": "Service", "RecordId": "98eaa46819a54960929ae448cfc28783", "IpAddress": "127.0.0.1", "Message": "Accessed Service: uz_service1"}}, {"model": "core.abstractlogmodel", "pk": 69, "fields": {"PublicId": "d8cc2f8e-b025-4477-a4f0-31543109322a", "Created": "2025-05-22T09:16:11.056Z", "Updated": "2025-05-22T09:16:11.056Z", "Citizen": 10, "Method": "GET", "Object": "Service", "RecordId": "98eaa46819a54960929ae448cfc28783", "IpAddress": "127.0.0.1", "Message": "Accessed Service: uz_service1"}}, {"model": "core.abstractlogmodel", "pk": 70, "fields": {"PublicId": "cb1e4e01-1cb5-441f-b575-eefd69091973", "Created": "2025-05-22T09:16:11.549Z", "Updated": "2025-05-22T09:16:11.549Z", "Citizen": 10, "Method": "GET", "Object": "Service", "RecordId": "98eaa46819a54960929ae448cfc28783", "IpAddress": "127.0.0.1", "Message": "Accessed Service: uz_service1"}}, {"model": "core.abstractlogmodel", "pk": 71, "fields": {"PublicId": "68d080f4-bf46-4801-9aeb-ff1b2a27e6ed", "Created": "2025-05-22T09:16:12.040Z", "Updated": "2025-05-22T09:16:12.040Z", "Citizen": 10, "Method": "GET", "Object": "Service", "RecordId": "98eaa46819a54960929ae448cfc28783", "IpAddress": "127.0.0.1", "Message": "Accessed Service: uz_service1"}}, {"model": "core.abstractlogmodel", "pk": 72, "fields": {"PublicId": "e2341e8b-fdb4-4a39-b4cb-b1654cae86d8", "Created": "2025-05-22T09:16:12.579Z", "Updated": "2025-05-22T09:16:12.579Z", "Citizen": 10, "Method": "GET", "Object": "Service", "RecordId": "98eaa46819a54960929ae448cfc28783", "IpAddress": "127.0.0.1", "Message": "Accessed Service: uz_service1"}}, {"model": "core.abstractlogmodel", "pk": 73, "fields": {"PublicId": "2d8cb0eb-656e-4168-8569-10028f4c92f3", "Created": "2025-05-22T09:16:19.996Z", "Updated": "2025-05-22T09:16:19.996Z", "Citizen": 10, "Method": "GET", "Object": "Service", "RecordId": "98eaa46819a54960929ae448cfc28783", "IpAddress": "127.0.0.1", "Message": "Accessed Service: uz_service1"}}, {"model": "core.abstractlogmodel", "pk": 74, "fields": {"PublicId": "34b7a8de-15cd-41c9-99d3-68cca926c6be", "Created": "2025-05-22T09:16:21.668Z", "Updated": "2025-05-22T09:16:21.668Z", "Citizen": 10, "Method": "GET", "Object": "Service", "RecordId": "98eaa46819a54960929ae448cfc28783", "IpAddress": "127.0.0.1", "Message": "Accessed Service: uz_service1"}}, {"model": "core.abstractlogmodel", "pk": 75, "fields": {"PublicId": "c4296526-cd32-4fa7-8bbb-a9de3ff737dc", "Created": "2025-05-22T09:16:21.838Z", "Updated": "2025-05-22T09:16:21.838Z", "Citizen": 10, "Method": "GET", "Object": "Service", "RecordId": "98eaa46819a54960929ae448cfc28783", "IpAddress": "127.0.0.1", "Message": "Accessed Service: uz_service1"}}, {"model": "core.abstractlogmodel", "pk": 76, "fields": {"PublicId": "f8f135f1-7eb2-465a-bbf5-d071f3525d25", "Created": "2025-05-22T09:16:22.550Z", "Updated": "2025-05-22T09:16:22.550Z", "Citizen": 10, "Method": "GET", "Object": "Service", "RecordId": "98eaa46819a54960929ae448cfc28783", "IpAddress": "127.0.0.1", "Message": "Accessed Service: uz_service1"}}, {"model": "core.abstractlogmodel", "pk": 77, "fields": {"PublicId": "d279b0ff-0de2-4d34-9fa1-615c50ab7c75", "Created": "2025-05-22T09:16:22.936Z", "Updated": "2025-05-22T09:16:22.936Z", "Citizen": 10, "Method": "GET", "Object": "Service", "RecordId": "98eaa46819a54960929ae448cfc28783", "IpAddress": "127.0.0.1", "Message": "Accessed Service: uz_service1"}}, {"model": "core.abstractlogmodel", "pk": 78, "fields": {"PublicId": "3276ae14-6403-4e60-bd7a-208385714b5a", "Created": "2025-05-22T09:16:23.300Z", "Updated": "2025-05-22T09:16:23.300Z", "Citizen": 10, "Method": "GET", "Object": "Service", "RecordId": "98eaa46819a54960929ae448cfc28783", "IpAddress": "127.0.0.1", "Message": "Accessed Service: uz_service1"}}, {"model": "core.abstractlogmodel", "pk": 79, "fields": {"PublicId": "52798c04-b2a8-4dcb-8159-21f0e603e320", "Created": "2025-05-22T09:16:23.913Z", "Updated": "2025-05-22T09:16:23.913Z", "Citizen": 10, "Method": "GET", "Object": "Service", "RecordId": "98eaa46819a54960929ae448cfc28783", "IpAddress": "127.0.0.1", "Message": "Accessed Service: uz_service1"}}, {"model": "core.abstractlogmodel", "pk": 80, "fields": {"PublicId": "afc09545-9ecb-4720-a2cf-462733c406c8", "Created": "2025-05-22T09:16:24.426Z", "Updated": "2025-05-22T09:16:24.426Z", "Citizen": 10, "Method": "GET", "Object": "Service", "RecordId": "98eaa46819a54960929ae448cfc28783", "IpAddress": "127.0.0.1", "Message": "Accessed Service: uz_service1"}}, {"model": "core.abstractlogmodel", "pk": 81, "fields": {"PublicId": "8c3c8378-8f98-4f29-9874-cc2cdde8efcc", "Created": "2025-05-22T09:55:30.442Z", "Updated": "2025-05-22T09:55:30.442Z", "Citizen": 10, "Method": "GET", "Object": "Service", "RecordId": "98eaa46819a54960929ae448cfc28783", "IpAddress": "127.0.0.1", "Message": "Accessed Service: uz_service1"}}, {"model": "core.abstractlogmodel", "pk": 82, "fields": {"PublicId": "88bd2a86-750d-4c90-a0e2-c376e53fa659", "Created": "2025-05-22T10:23:13.747Z", "Updated": "2025-05-22T10:23:13.747Z", "Citizen": 10, "Method": "GET", "Object": "Service", "RecordId": "98eaa46819a54960929ae448cfc28783", "IpAddress": "127.0.0.1", "Message": "Accessed Service: uz_service1"}}, {"model": "core.abstractlogmodel", "pk": 83, "fields": {"PublicId": "101f7d36-8339-484d-acb3-f89b321ff64a", "Created": "2025-05-22T10:23:15.514Z", "Updated": "2025-05-22T10:23:15.514Z", "Citizen": 10, "Method": "GET", "Object": "Service", "RecordId": "98eaa46819a54960929ae448cfc28783", "IpAddress": "127.0.0.1", "Message": "Accessed Service: uz_service1"}}, {"model": "core.abstractlogmodel", "pk": 84, "fields": {"PublicId": "a36573bf-71c6-48af-8419-6b5449c28f1d", "Created": "2025-05-22T10:23:15.524Z", "Updated": "2025-05-22T10:23:15.524Z", "Citizen": 10, "Method": "GET", "Object": "Service", "RecordId": "98eaa46819a54960929ae448cfc28783", "IpAddress": "127.0.0.1", "Message": "Accessed Service: uz_service1"}}, {"model": "core.abstractlogmodel", "pk": 85, "fields": {"PublicId": "c606334a-cd94-4a6f-82ce-9dba746974ac", "Created": "2025-05-22T10:23:16.379Z", "Updated": "2025-05-22T10:23:16.379Z", "Citizen": 10, "Method": "GET", "Object": "Service", "RecordId": "98eaa46819a54960929ae448cfc28783", "IpAddress": "127.0.0.1", "Message": "Accessed Service: uz_service1"}}, {"model": "core.abstractlogmodel", "pk": 86, "fields": {"PublicId": "cb381721-3aec-4f00-ae07-9a30f3a904ee", "Created": "2025-05-22T10:23:17.110Z", "Updated": "2025-05-22T10:23:17.110Z", "Citizen": 10, "Method": "GET", "Object": "Service", "RecordId": "98eaa46819a54960929ae448cfc28783", "IpAddress": "127.0.0.1", "Message": "Accessed Service: uz_service1"}}, {"model": "core.abstractlogmodel", "pk": 87, "fields": {"PublicId": "7086fae5-a5dd-4606-9d9f-b45b00389d85", "Created": "2025-05-22T10:23:18.149Z", "Updated": "2025-05-22T10:23:18.149Z", "Citizen": 10, "Method": "GET", "Object": "Service", "RecordId": "98eaa46819a54960929ae448cfc28783", "IpAddress": "127.0.0.1", "Message": "Accessed Service: uz_service1"}}, {"model": "core.abstractlogmodel", "pk": 88, "fields": {"PublicId": "72d4fcf7-4251-49c9-9a80-296fbd03249a", "Created": "2025-05-22T10:23:18.765Z", "Updated": "2025-05-22T10:23:18.765Z", "Citizen": 10, "Method": "GET", "Object": "Service", "RecordId": "98eaa46819a54960929ae448cfc28783", "IpAddress": "127.0.0.1", "Message": "Accessed Service: uz_service1"}}, {"model": "core.abstractlogmodel", "pk": 89, "fields": {"PublicId": "02cd03c6-14fc-4704-a50b-bafd569c302f", "Created": "2025-05-22T10:23:19.293Z", "Updated": "2025-05-22T10:23:19.293Z", "Citizen": 10, "Method": "GET", "Object": "Service", "RecordId": "98eaa46819a54960929ae448cfc28783", "IpAddress": "127.0.0.1", "Message": "Accessed Service: uz_service1"}}, {"model": "core.abstractlogmodel", "pk": 90, "fields": {"PublicId": "6e25df54-1bca-4f56-9888-2a781a6b8d59", "Created": "2025-05-22T10:23:36.368Z", "Updated": "2025-05-22T10:23:36.368Z", "Citizen": 10, "Method": "GET", "Object": "Service", "RecordId": "98eaa46819a54960929ae448cfc28783", "IpAddress": "127.0.0.1", "Message": "Accessed Service: uz_service1"}}, {"model": "core.abstractlogmodel", "pk": 91, "fields": {"PublicId": "2e18c06b-e2ac-4b6f-bda6-a3dce10df567", "Created": "2025-05-22T10:23:37.917Z", "Updated": "2025-05-22T10:23:37.917Z", "Citizen": 10, "Method": "GET", "Object": "Service", "RecordId": "98eaa46819a54960929ae448cfc28783", "IpAddress": "127.0.0.1", "Message": "Accessed Service: uz_service1"}}, {"model": "core.abstractlogmodel", "pk": 92, "fields": {"PublicId": "a69feadd-8858-46af-88f3-6fdf52b053a1", "Created": "2025-05-22T10:23:38.007Z", "Updated": "2025-05-22T10:23:38.007Z", "Citizen": 10, "Method": "GET", "Object": "Service", "RecordId": "98eaa46819a54960929ae448cfc28783", "IpAddress": "127.0.0.1", "Message": "Accessed Service: uz_service1"}}, {"model": "core.abstractlogmodel", "pk": 93, "fields": {"PublicId": "8c9e7f63-8ee7-495e-a69a-0434f6a2051b", "Created": "2025-05-22T10:23:38.933Z", "Updated": "2025-05-22T10:23:38.933Z", "Citizen": 10, "Method": "GET", "Object": "Service", "RecordId": "98eaa46819a54960929ae448cfc28783", "IpAddress": "127.0.0.1", "Message": "Accessed Service: uz_service1"}}, {"model": "core.abstractlogmodel", "pk": 94, "fields": {"PublicId": "46005b0c-4c74-4720-9b96-e733bc2446f6", "Created": "2025-05-22T10:23:39.463Z", "Updated": "2025-05-22T10:23:39.463Z", "Citizen": 10, "Method": "GET", "Object": "Service", "RecordId": "98eaa46819a54960929ae448cfc28783", "IpAddress": "127.0.0.1", "Message": "Accessed Service: uz_service1"}}, {"model": "core.abstractlogmodel", "pk": 95, "fields": {"PublicId": "b8bf645b-c7d0-4ed2-b6c6-c80400940a00", "Created": "2025-05-22T10:23:40.028Z", "Updated": "2025-05-22T10:23:40.028Z", "Citizen": 10, "Method": "GET", "Object": "Service", "RecordId": "98eaa46819a54960929ae448cfc28783", "IpAddress": "127.0.0.1", "Message": "Accessed Service: uz_service1"}}, {"model": "core.abstractlogmodel", "pk": 96, "fields": {"PublicId": "5d46d159-8e66-4c12-9e63-0ce411361a57", "Created": "2025-05-22T10:23:40.530Z", "Updated": "2025-05-22T10:23:40.530Z", "Citizen": 10, "Method": "GET", "Object": "Service", "RecordId": "98eaa46819a54960929ae448cfc28783", "IpAddress": "127.0.0.1", "Message": "Accessed Service: uz_service1"}}, {"model": "core.abstractlogmodel", "pk": 97, "fields": {"PublicId": "812d2257-3bb0-4d68-8fa5-6b205d4c54da", "Created": "2025-05-22T10:23:41.096Z", "Updated": "2025-05-22T10:23:41.096Z", "Citizen": 10, "Method": "GET", "Object": "Service", "RecordId": "98eaa46819a54960929ae448cfc28783", "IpAddress": "127.0.0.1", "Message": "Accessed Service: uz_service1"}}, {"model": "core.abstractlogmodel", "pk": 98, "fields": {"PublicId": "06b1d651-a987-466a-b9af-e62a25c2571b", "Created": "2025-05-22T10:24:21.068Z", "Updated": "2025-05-22T10:24:21.068Z", "Citizen": 10, "Method": "GET", "Object": "Service", "RecordId": "98eaa46819a54960929ae448cfc28783", "IpAddress": "127.0.0.1", "Message": "Accessed Service: uz_service1"}}, {"model": "core.abstractlogmodel", "pk": 99, "fields": {"PublicId": "5b91026d-ce86-4a3d-b5f4-f560d5e1e9a9", "Created": "2025-05-22T10:24:23.018Z", "Updated": "2025-05-22T10:24:23.018Z", "Citizen": 10, "Method": "GET", "Object": "Service", "RecordId": "98eaa46819a54960929ae448cfc28783", "IpAddress": "127.0.0.1", "Message": "Accessed Service: uz_service1"}}, {"model": "core.abstractlogmodel", "pk": 100, "fields": {"PublicId": "2757f237-9ce9-4c74-a8c8-eb94c13a884d", "Created": "2025-05-22T10:24:23.336Z", "Updated": "2025-05-22T10:24:23.336Z", "Citizen": 10, "Method": "GET", "Object": "Service", "RecordId": "98eaa46819a54960929ae448cfc28783", "IpAddress": "127.0.0.1", "Message": "Accessed Service: uz_service1"}}, {"model": "core.abstractlogmodel", "pk": 101, "fields": {"PublicId": "c81d5ea4-69bc-4adb-8c6b-26d0522f5b42", "Created": "2025-05-22T10:24:23.480Z", "Updated": "2025-05-22T10:24:23.480Z", "Citizen": 10, "Method": "GET", "Object": "Service", "RecordId": "98eaa46819a54960929ae448cfc28783", "IpAddress": "127.0.0.1", "Message": "Accessed Service: uz_service1"}}, {"model": "core.abstractlogmodel", "pk": 102, "fields": {"PublicId": "8a2b25b5-1dc4-4498-ad1d-066c1dbe7eba", "Created": "2025-05-22T10:24:23.598Z", "Updated": "2025-05-22T10:24:23.598Z", "Citizen": 10, "Method": "GET", "Object": "Service", "RecordId": "98eaa46819a54960929ae448cfc28783", "IpAddress": "127.0.0.1", "Message": "Accessed Service: uz_service1"}}, {"model": "core.abstractlogmodel", "pk": 103, "fields": {"PublicId": "bde42333-6602-4c99-81cc-e7060213b55c", "Created": "2025-05-22T10:24:23.706Z", "Updated": "2025-05-22T10:24:23.706Z", "Citizen": 10, "Method": "GET", "Object": "Service", "RecordId": "98eaa46819a54960929ae448cfc28783", "IpAddress": "127.0.0.1", "Message": "Accessed Service: uz_service1"}}, {"model": "core.abstractlogmodel", "pk": 104, "fields": {"PublicId": "c322a9fd-c85c-431c-8a81-b25ac628a396", "Created": "2025-05-22T10:24:24.818Z", "Updated": "2025-05-22T10:24:24.818Z", "Citizen": 10, "Method": "GET", "Object": "Service", "RecordId": "98eaa46819a54960929ae448cfc28783", "IpAddress": "127.0.0.1", "Message": "Accessed Service: uz_service1"}}, {"model": "core.abstractlogmodel", "pk": 105, "fields": {"PublicId": "bd48974c-b6ee-4398-aa4b-525f329cd9f2", "Created": "2025-05-22T10:24:25.467Z", "Updated": "2025-05-22T10:24:25.467Z", "Citizen": 10, "Method": "GET", "Object": "Service", "RecordId": "98eaa46819a54960929ae448cfc28783", "IpAddress": "127.0.0.1", "Message": "Accessed Service: uz_service1"}}, {"model": "core.abstractlogmodel", "pk": 106, "fields": {"PublicId": "8afc2a01-7d44-4f9c-8702-181ab2b80664", "Created": "2025-05-22T10:24:26.040Z", "Updated": "2025-05-22T10:24:26.040Z", "Citizen": 10, "Method": "GET", "Object": "Service", "RecordId": "98eaa46819a54960929ae448cfc28783", "IpAddress": "127.0.0.1", "Message": "Accessed Service: uz_service1"}}, {"model": "core.abstractlogmodel", "pk": 107, "fields": {"PublicId": "99b7726b-8b1f-45b3-8791-a67e3ccd030b", "Created": "2025-05-22T10:24:26.605Z", "Updated": "2025-05-22T10:24:26.605Z", "Citizen": 10, "Method": "GET", "Object": "Service", "RecordId": "98eaa46819a54960929ae448cfc28783", "IpAddress": "127.0.0.1", "Message": "Accessed Service: uz_service1"}}, {"model": "core.abstractlogmodel", "pk": 108, "fields": {"PublicId": "c4924624-079a-4f9d-9e2b-1bedf432fc92", "Created": "2025-05-22T10:24:27.135Z", "Updated": "2025-05-22T10:24:27.135Z", "Citizen": 10, "Method": "GET", "Object": "Service", "RecordId": "98eaa46819a54960929ae448cfc28783", "IpAddress": "127.0.0.1", "Message": "Accessed Service: uz_service1"}}, {"model": "core.abstractlogmodel", "pk": 109, "fields": {"PublicId": "20aeb862-bdcf-4079-a1f0-fbd1d59b6c12", "Created": "2025-05-22T10:49:08.451Z", "Updated": "2025-05-22T10:49:08.451Z", "Citizen": 10, "Method": "GET", "Object": "Service", "RecordId": "98eaa46819a54960929ae448cfc28783", "IpAddress": "127.0.0.1", "Message": "Accessed Service: uz_service1"}}, {"model": "core.abstractlogmodel", "pk": 110, "fields": {"PublicId": "926f684b-0616-41cf-813c-5567cdcade73", "Created": "2025-05-22T10:49:11.082Z", "Updated": "2025-05-22T10:49:11.082Z", "Citizen": 10, "Method": "GET", "Object": "Service", "RecordId": "98eaa46819a54960929ae448cfc28783", "IpAddress": "127.0.0.1", "Message": "Accessed Service: uz_service1"}}, {"model": "core.abstractlogmodel", "pk": 111, "fields": {"PublicId": "a9583b68-9837-4b54-89cf-d0c97957e572", "Created": "2025-05-22T10:49:11.200Z", "Updated": "2025-05-22T10:49:11.200Z", "Citizen": 10, "Method": "GET", "Object": "Service", "RecordId": "98eaa46819a54960929ae448cfc28783", "IpAddress": "127.0.0.1", "Message": "Accessed Service: uz_service1"}}, {"model": "core.abstractlogmodel", "pk": 112, "fields": {"PublicId": "1bf41a85-a967-470e-8ff2-e7240c4df3ac", "Created": "2025-05-22T10:49:11.211Z", "Updated": "2025-05-22T10:49:11.211Z", "Citizen": 10, "Method": "GET", "Object": "Service", "RecordId": "98eaa46819a54960929ae448cfc28783", "IpAddress": "127.0.0.1", "Message": "Accessed Service: uz_service1"}}, {"model": "core.abstractlogmodel", "pk": 113, "fields": {"PublicId": "10e3c459-5d2f-494c-ad29-c92fe358e936", "Created": "2025-05-22T10:49:11.407Z", "Updated": "2025-05-22T10:49:11.407Z", "Citizen": 10, "Method": "GET", "Object": "Service", "RecordId": "98eaa46819a54960929ae448cfc28783", "IpAddress": "127.0.0.1", "Message": "Accessed Service: uz_service1"}}, {"model": "core.abstractlogmodel", "pk": 114, "fields": {"PublicId": "f4ebae1d-6580-4a25-bff1-5fa421d79185", "Created": "2025-05-22T10:49:11.409Z", "Updated": "2025-05-22T10:49:11.409Z", "Citizen": 10, "Method": "GET", "Object": "Service", "RecordId": "98eaa46819a54960929ae448cfc28783", "IpAddress": "127.0.0.1", "Message": "Accessed Service: uz_service1"}}, {"model": "core.abstractlogmodel", "pk": 115, "fields": {"PublicId": "8be58ea8-6234-44d4-aa84-cd833ea62b92", "Created": "2025-05-22T10:49:12.277Z", "Updated": "2025-05-22T10:49:12.277Z", "Citizen": 10, "Method": "GET", "Object": "Service", "RecordId": "98eaa46819a54960929ae448cfc28783", "IpAddress": "127.0.0.1", "Message": "Accessed Service: uz_service1"}}, {"model": "core.abstractlogmodel", "pk": 116, "fields": {"PublicId": "f4fc7b06-763c-4b77-a6b0-23a91fb38f93", "Created": "2025-05-22T10:49:13.127Z", "Updated": "2025-05-22T10:49:13.127Z", "Citizen": 10, "Method": "GET", "Object": "Service", "RecordId": "98eaa46819a54960929ae448cfc28783", "IpAddress": "127.0.0.1", "Message": "Accessed Service: uz_service1"}}, {"model": "core.abstractlogmodel", "pk": 117, "fields": {"PublicId": "a00c9d34-8164-427f-99ac-d1aed6bdc2c8", "Created": "2025-05-22T10:49:13.621Z", "Updated": "2025-05-22T10:49:13.621Z", "Citizen": 10, "Method": "GET", "Object": "Service", "RecordId": "98eaa46819a54960929ae448cfc28783", "IpAddress": "127.0.0.1", "Message": "Accessed Service: uz_service1"}}, {"model": "core.abstractlogmodel", "pk": 118, "fields": {"PublicId": "9daaec28-36d6-46ea-9610-531658157345", "Created": "2025-05-22T10:49:14.293Z", "Updated": "2025-05-22T10:49:14.293Z", "Citizen": 10, "Method": "GET", "Object": "Service", "RecordId": "98eaa46819a54960929ae448cfc28783", "IpAddress": "127.0.0.1", "Message": "Accessed Service: uz_service1"}}, {"model": "core.abstractlogmodel", "pk": 119, "fields": {"PublicId": "e93492d9-c97b-4997-9593-3dd1b6c22fc4", "Created": "2025-05-22T10:49:14.815Z", "Updated": "2025-05-22T10:49:14.815Z", "Citizen": 10, "Method": "GET", "Object": "Service", "RecordId": "98eaa46819a54960929ae448cfc28783", "IpAddress": "127.0.0.1", "Message": "Accessed Service: uz_service1"}}, {"model": "core.abstractlogmodel", "pk": 120, "fields": {"PublicId": "8a8414a3-3356-4cf6-8dc5-49dc20573f08", "Created": "2025-05-22T11:01:27.836Z", "Updated": "2025-05-22T11:01:27.836Z", "Citizen": 10, "Method": "GET", "Object": "Service", "RecordId": "98eaa46819a54960929ae448cfc28783", "IpAddress": "127.0.0.1", "Message": "Accessed Service: uz_service1"}}, {"model": "core.abstractlogmodel", "pk": 121, "fields": {"PublicId": "c082c8a9-4a1c-4bbb-ad30-308f6e8ccd06", "Created": "2025-05-22T11:01:30.146Z", "Updated": "2025-05-22T11:01:30.146Z", "Citizen": 10, "Method": "GET", "Object": "Service", "RecordId": "98eaa46819a54960929ae448cfc28783", "IpAddress": "127.0.0.1", "Message": "Accessed Service: uz_service1"}}, {"model": "core.abstractlogmodel", "pk": 122, "fields": {"PublicId": "1847566b-1deb-4252-861a-6e6573b4f418", "Created": "2025-05-22T11:01:30.273Z", "Updated": "2025-05-22T11:01:30.273Z", "Citizen": 10, "Method": "GET", "Object": "Service", "RecordId": "98eaa46819a54960929ae448cfc28783", "IpAddress": "127.0.0.1", "Message": "Accessed Service: uz_service1"}}, {"model": "core.abstractlogmodel", "pk": 123, "fields": {"PublicId": "0af6cede-03f9-4962-85da-7410bb37769a", "Created": "2025-05-22T11:01:30.734Z", "Updated": "2025-05-22T11:01:30.734Z", "Citizen": 10, "Method": "GET", "Object": "Service", "RecordId": "98eaa46819a54960929ae448cfc28783", "IpAddress": "127.0.0.1", "Message": "Accessed Service: uz_service1"}}, {"model": "core.abstractlogmodel", "pk": 124, "fields": {"PublicId": "95d048b0-4a23-4955-8722-ef23dd350bb3", "Created": "2025-05-22T11:01:31.061Z", "Updated": "2025-05-22T11:01:31.061Z", "Citizen": 10, "Method": "GET", "Object": "Service", "RecordId": "98eaa46819a54960929ae448cfc28783", "IpAddress": "127.0.0.1", "Message": "Accessed Service: uz_service1"}}, {"model": "core.abstractlogmodel", "pk": 125, "fields": {"PublicId": "0d317907-73b1-4f79-9b87-0bf36645e0af", "Created": "2025-05-22T11:01:31.230Z", "Updated": "2025-05-22T11:01:31.230Z", "Citizen": 10, "Method": "GET", "Object": "Service", "RecordId": "98eaa46819a54960929ae448cfc28783", "IpAddress": "127.0.0.1", "Message": "Accessed Service: uz_service1"}}, {"model": "core.abstractlogmodel", "pk": 126, "fields": {"PublicId": "9fc41e8e-7567-4f91-93d3-b06c70db1a2b", "Created": "2025-05-22T11:01:32.324Z", "Updated": "2025-05-22T11:01:32.324Z", "Citizen": 10, "Method": "GET", "Object": "Service", "RecordId": "98eaa46819a54960929ae448cfc28783", "IpAddress": "127.0.0.1", "Message": "Accessed Service: uz_service1"}}, {"model": "core.abstractlogmodel", "pk": 127, "fields": {"PublicId": "26c6b0c6-a19a-46d2-ae17-191b602e8e95", "Created": "2025-05-22T11:01:33.343Z", "Updated": "2025-05-22T11:01:33.343Z", "Citizen": 10, "Method": "GET", "Object": "Service", "RecordId": "98eaa46819a54960929ae448cfc28783", "IpAddress": "127.0.0.1", "Message": "Accessed Service: uz_service1"}}, {"model": "core.abstractlogmodel", "pk": 128, "fields": {"PublicId": "7202adac-58cd-42b9-97ad-5c1586773a9d", "Created": "2025-05-22T11:01:34.058Z", "Updated": "2025-05-22T11:01:34.058Z", "Citizen": 10, "Method": "GET", "Object": "Service", "RecordId": "98eaa46819a54960929ae448cfc28783", "IpAddress": "127.0.0.1", "Message": "Accessed Service: uz_service1"}}, {"model": "core.abstractlogmodel", "pk": 129, "fields": {"PublicId": "96b7614a-e717-4969-b3a7-12e9e0a64224", "Created": "2025-05-22T11:01:34.637Z", "Updated": "2025-05-22T11:01:34.637Z", "Citizen": 10, "Method": "GET", "Object": "Service", "RecordId": "98eaa46819a54960929ae448cfc28783", "IpAddress": "127.0.0.1", "Message": "Accessed Service: uz_service1"}}, {"model": "core.abstractlogmodel", "pk": 130, "fields": {"PublicId": "723e0443-4e3b-4942-914e-7419b2e0fd6c", "Created": "2025-05-22T11:01:35.608Z", "Updated": "2025-05-22T11:01:35.608Z", "Citizen": 10, "Method": "GET", "Object": "Service", "RecordId": "98eaa46819a54960929ae448cfc28783", "IpAddress": "127.0.0.1", "Message": "Accessed Service: uz_service1"}}, {"model": "core.abstractlogmodel", "pk": 131, "fields": {"PublicId": "45778854-325b-4b8d-9c41-ba24c8421b8b", "Created": "2025-05-22T11:24:06.159Z", "Updated": "2025-05-22T11:24:06.159Z", "Citizen": 10, "Method": "GET", "Object": "Service", "RecordId": "98eaa46819a54960929ae448cfc28783", "IpAddress": "127.0.0.1", "Message": "Accessed Service: uz_service1"}}, {"model": "core.abstractlogmodel", "pk": 132, "fields": {"PublicId": "9ff78377-2579-4d7a-9e8f-a288ff17ff92", "Created": "2025-05-22T11:24:10.710Z", "Updated": "2025-05-22T11:24:10.710Z", "Citizen": 10, "Method": "GET", "Object": "Service", "RecordId": "98eaa46819a54960929ae448cfc28783", "IpAddress": "127.0.0.1", "Message": "Accessed Service: uz_service1"}}, {"model": "core.abstractlogmodel", "pk": 133, "fields": {"PublicId": "f643f67c-2324-4553-bb24-afb2e144fbab", "Created": "2025-05-22T11:24:10.753Z", "Updated": "2025-05-22T11:24:10.753Z", "Citizen": 10, "Method": "GET", "Object": "Service", "RecordId": "98eaa46819a54960929ae448cfc28783", "IpAddress": "127.0.0.1", "Message": "Accessed Service: uz_service1"}}, {"model": "core.abstractlogmodel", "pk": 134, "fields": {"PublicId": "27467981-1980-4179-825f-fdffb0f41dbc", "Created": "2025-05-22T11:24:10.835Z", "Updated": "2025-05-22T11:24:10.835Z", "Citizen": 10, "Method": "GET", "Object": "Service", "RecordId": "98eaa46819a54960929ae448cfc28783", "IpAddress": "127.0.0.1", "Message": "Accessed Service: uz_service1"}}, {"model": "core.abstractlogmodel", "pk": 135, "fields": {"PublicId": "023355f7-1792-4f41-a9c4-8de5a2c69435", "Created": "2025-05-22T11:24:11.026Z", "Updated": "2025-05-22T11:24:11.026Z", "Citizen": 10, "Method": "GET", "Object": "Service", "RecordId": "98eaa46819a54960929ae448cfc28783", "IpAddress": "127.0.0.1", "Message": "Accessed Service: uz_service1"}}, {"model": "core.abstractlogmodel", "pk": 136, "fields": {"PublicId": "d6b8fb33-533b-4fd3-b6c0-67d2a2779a43", "Created": "2025-05-22T11:24:11.293Z", "Updated": "2025-05-22T11:24:11.294Z", "Citizen": 10, "Method": "GET", "Object": "Service", "RecordId": "98eaa46819a54960929ae448cfc28783", "IpAddress": "127.0.0.1", "Message": "Accessed Service: uz_service1"}}, {"model": "core.abstractlogmodel", "pk": 137, "fields": {"PublicId": "8a816768-5de2-49d6-bfa4-69c59d920cbc", "Created": "2025-05-22T11:24:13.146Z", "Updated": "2025-05-22T11:24:13.146Z", "Citizen": 10, "Method": "GET", "Object": "Service", "RecordId": "98eaa46819a54960929ae448cfc28783", "IpAddress": "127.0.0.1", "Message": "Accessed Service: uz_service1"}}, {"model": "core.abstractlogmodel", "pk": 138, "fields": {"PublicId": "2f433d88-5858-4429-b10b-ceb10719ffdc", "Created": "2025-05-22T11:24:13.853Z", "Updated": "2025-05-22T11:24:13.853Z", "Citizen": 10, "Method": "GET", "Object": "Service", "RecordId": "98eaa46819a54960929ae448cfc28783", "IpAddress": "127.0.0.1", "Message": "Accessed Service: uz_service1"}}, {"model": "core.abstractlogmodel", "pk": 139, "fields": {"PublicId": "65be879d-63a5-4820-92e2-23afd4ada720", "Created": "2025-05-22T11:24:14.551Z", "Updated": "2025-05-22T11:24:14.551Z", "Citizen": 10, "Method": "GET", "Object": "Service", "RecordId": "98eaa46819a54960929ae448cfc28783", "IpAddress": "127.0.0.1", "Message": "Accessed Service: uz_service1"}}, {"model": "core.abstractlogmodel", "pk": 140, "fields": {"PublicId": "43e1bfee-05e1-4e9d-87a5-91dd9dabb3ae", "Created": "2025-05-22T11:24:15.545Z", "Updated": "2025-05-22T11:24:15.545Z", "Citizen": 10, "Method": "GET", "Object": "Service", "RecordId": "98eaa46819a54960929ae448cfc28783", "IpAddress": "127.0.0.1", "Message": "Accessed Service: uz_service1"}}, {"model": "core.abstractlogmodel", "pk": 141, "fields": {"PublicId": "9a0f876a-bd46-4368-ae9d-9d4632ad7877", "Created": "2025-05-22T11:24:16.418Z", "Updated": "2025-05-22T11:24:16.418Z", "Citizen": 10, "Method": "GET", "Object": "Service", "RecordId": "98eaa46819a54960929ae448cfc28783", "IpAddress": "127.0.0.1", "Message": "Accessed Service: uz_service1"}}, {"model": "core.abstractlogmodel", "pk": 142, "fields": {"PublicId": "20c2b322-e1b9-4c98-9ff6-0768c45c1621", "Created": "2025-05-22T12:35:55.387Z", "Updated": "2025-05-22T12:35:55.387Z", "Citizen": 6, "Method": "GET", "Object": "PublicService", "RecordId": "n/a", "IpAddress": "127.0.0.1", "Message": "Accessd Entity: N\\A"}}, {"model": "core.abstractlogmodel", "pk": 143, "fields": {"PublicId": "7dfb980c-0e90-45c4-a9b4-61d43484d46d", "Created": "2025-05-22T12:35:55.426Z", "Updated": "2025-05-22T12:35:55.426Z", "Citizen": 6, "Method": "GET", "Object": "PublicService", "RecordId": "n/a", "IpAddress": "127.0.0.1", "Message": "Accessd Entity: N\\A"}}, {"model": "core.abstractlogmodel", "pk": 144, "fields": {"PublicId": "ce78293c-9ddf-4ad0-8520-f5e2045d9ce4", "Created": "2025-05-22T12:36:26.369Z", "Updated": "2025-05-22T12:36:26.369Z", "Citizen": 6, "Method": "GET", "Object": "PublicService", "RecordId": "n/a", "IpAddress": "127.0.0.1", "Message": "Accessd Entity: N\\A"}}, {"model": "core.abstractlogmodel", "pk": 145, "fields": {"PublicId": "0ca59654-ac9a-453f-aa02-1800baa46f8f", "Created": "2025-05-22T12:36:26.386Z", "Updated": "2025-05-22T12:36:26.386Z", "Citizen": 6, "Method": "GET", "Object": "PublicService", "RecordId": "n/a", "IpAddress": "127.0.0.1", "Message": "Accessd Entity: N\\A"}}, {"model": "core.abstractlogmodel", "pk": 146, "fields": {"PublicId": "2baae6e2-ae1c-4a21-b717-615666a7214e", "Created": "2025-05-22T12:36:36.872Z", "Updated": "2025-05-22T12:36:36.872Z", "Citizen": 6, "Method": "GET", "Object": "PublicService", "RecordId": "n/a", "IpAddress": "127.0.0.1", "Message": "Accessd Entity: N\\A"}}, {"model": "core.abstractlogmodel", "pk": 147, "fields": {"PublicId": "9afba41b-55ff-4e15-be79-8bc685f90530", "Created": "2025-05-22T12:36:36.888Z", "Updated": "2025-05-22T12:36:36.888Z", "Citizen": 6, "Method": "GET", "Object": "PublicService", "RecordId": "n/a", "IpAddress": "127.0.0.1", "Message": "Accessd Entity: N\\A"}}, {"model": "core.abstractlogmodel", "pk": 148, "fields": {"PublicId": "54aef4e8-2ec6-4af3-81cc-2d63050e7ec0", "Created": "2025-05-22T12:36:50.903Z", "Updated": "2025-05-22T12:36:50.903Z", "Citizen": 10, "Method": "GET", "Object": "Service", "RecordId": "98eaa46819a54960929ae448cfc28783", "IpAddress": "127.0.0.1", "Message": "Accessed Service: uz_service1"}}, {"model": "core.abstractlogmodel", "pk": 149, "fields": {"PublicId": "977d047c-6385-432e-a0f2-37a86c6929a0", "Created": "2025-05-22T12:36:53.301Z", "Updated": "2025-05-22T12:36:53.301Z", "Citizen": 10, "Method": "GET", "Object": "Service", "RecordId": "98eaa46819a54960929ae448cfc28783", "IpAddress": "127.0.0.1", "Message": "Accessed Service: uz_service1"}}, {"model": "core.abstractlogmodel", "pk": 150, "fields": {"PublicId": "5f4d4a50-274e-48a3-802c-c0920997fa3f", "Created": "2025-05-22T12:36:53.971Z", "Updated": "2025-05-22T12:36:53.971Z", "Citizen": 10, "Method": "GET", "Object": "Service", "RecordId": "98eaa46819a54960929ae448cfc28783", "IpAddress": "127.0.0.1", "Message": "Accessed Service: uz_service1"}}, {"model": "core.abstractlogmodel", "pk": 151, "fields": {"PublicId": "3bbd4e76-b9f1-45da-b61d-cc0c98d3c247", "Created": "2025-05-22T12:36:54.220Z", "Updated": "2025-05-22T12:36:54.220Z", "Citizen": 10, "Method": "GET", "Object": "Service", "RecordId": "98eaa46819a54960929ae448cfc28783", "IpAddress": "127.0.0.1", "Message": "Accessed Service: uz_service1"}}, {"model": "core.abstractlogmodel", "pk": 152, "fields": {"PublicId": "b318bb1a-3e30-471a-8653-1228ef30026f", "Created": "2025-05-22T12:36:54.357Z", "Updated": "2025-05-22T12:36:54.357Z", "Citizen": 10, "Method": "GET", "Object": "Service", "RecordId": "98eaa46819a54960929ae448cfc28783", "IpAddress": "127.0.0.1", "Message": "Accessed Service: uz_service1"}}, {"model": "core.abstractlogmodel", "pk": 153, "fields": {"PublicId": "43ed66fe-fed8-40d6-9ce6-b6d8fa0decaf", "Created": "2025-05-22T12:36:54.379Z", "Updated": "2025-05-22T12:36:54.379Z", "Citizen": 10, "Method": "GET", "Object": "Service", "RecordId": "98eaa46819a54960929ae448cfc28783", "IpAddress": "127.0.0.1", "Message": "Accessed Service: uz_service1"}}, {"model": "core.abstractlogmodel", "pk": 154, "fields": {"PublicId": "c1c448f8-3d4c-4ef6-9a68-8d6015519b3c", "Created": "2025-05-22T12:36:55.353Z", "Updated": "2025-05-22T12:36:55.353Z", "Citizen": 10, "Method": "GET", "Object": "Service", "RecordId": "98eaa46819a54960929ae448cfc28783", "IpAddress": "127.0.0.1", "Message": "Accessed Service: uz_service1"}}, {"model": "core.abstractlogmodel", "pk": 155, "fields": {"PublicId": "8864856e-29ec-43d0-bf78-72c40c222ad5", "Created": "2025-05-22T12:36:56.181Z", "Updated": "2025-05-22T12:36:56.181Z", "Citizen": 10, "Method": "GET", "Object": "Service", "RecordId": "98eaa46819a54960929ae448cfc28783", "IpAddress": "127.0.0.1", "Message": "Accessed Service: uz_service1"}}, {"model": "core.abstractlogmodel", "pk": 156, "fields": {"PublicId": "4e5cedbb-5dcb-459d-b8b6-dcfbab5b6075", "Created": "2025-05-22T12:36:56.827Z", "Updated": "2025-05-22T12:36:56.827Z", "Citizen": 10, "Method": "GET", "Object": "Service", "RecordId": "98eaa46819a54960929ae448cfc28783", "IpAddress": "127.0.0.1", "Message": "Accessed Service: uz_service1"}}, {"model": "core.abstractlogmodel", "pk": 157, "fields": {"PublicId": "0235eaa4-0c89-435d-a213-80bd39800621", "Created": "2025-05-22T12:36:57.416Z", "Updated": "2025-05-22T12:36:57.416Z", "Citizen": 10, "Method": "GET", "Object": "Service", "RecordId": "98eaa46819a54960929ae448cfc28783", "IpAddress": "127.0.0.1", "Message": "Accessed Service: uz_service1"}}, {"model": "core.abstractlogmodel", "pk": 158, "fields": {"PublicId": "5de6a12f-e363-4a6f-b02e-b12b44f6d958", "Created": "2025-05-22T12:36:58.008Z", "Updated": "2025-05-22T12:36:58.008Z", "Citizen": 10, "Method": "GET", "Object": "Service", "RecordId": "98eaa46819a54960929ae448cfc28783", "IpAddress": "127.0.0.1", "Message": "Accessed Service: uz_service1"}}, {"model": "citizen.citizen", "pk": 1, "fields": {"password": "pbkdf2_sha256$870000$mr1xnKpUYlfMzVV1CKVbmJ$+BE9+tijX+v8QgTIVYiuUjmq/XpQc07Ua/IX4W2hMaM=", "last_login": null, "PublicId": "b6cc09c7-d53f-4b18-902b-68e6a1d4cb9a", "UserName": "user1", "FirstName": "Test First Name 1", "SecondName": "testSecondName", "Surname": "testSurname", "NationalId": "4948585kdsfjsfs", "DOB": "2025-01-20T13:39:16.959Z", "Email": "testEmail1@gmail.com", "EmailVerified": false, "is_active": true, "is_superuser": false, "Created": "2025-01-20T11:41:59.563Z", "Updated": "2025-01-20T14:23:13.847Z", "groups": [], "user_permissions": []}}, {"model": "citizen.citizen", "pk": 2, "fields": {"password": "hellomanu", "last_login": null, "PublicId": "8bec7df2-7af4-4b8f-84ef-8806aef4ca51", "UserName": "user2", "FirstName": "Test First Name 1", "SecondName": "testSecondNameFix", "Surname": "testSurname", "NationalId": "4948585kdsdjdj", "DOB": "2025-01-20T13:39:16.959Z", "Email": "testEmail2@gmail.com", "EmailVerified": false, "is_active": true, "is_superuser": false, "Created": "2025-01-20T14:24:56.066Z", "Updated": "2025-02-02T09:18:05.244Z", "groups": [], "user_permissions": []}}, {"model": "citizen.citizen", "pk": 4, "fields": {"password": "hellomanu", "last_login": null, "PublicId": "066738e5-84dc-4a66-b36f-a8254a51633c", "UserName": "user3", "FirstName": "Test First Name 1", "SecondName": "testSecondName", "Surname": "testSurname", "NationalId": "4948585kdsdjdj", "DOB": "2025-01-20T13:39:16.959Z", "Email": "testEmail3@gmail.com", "EmailVerified": false, "is_active": true, "is_superuser": false, "Created": "2025-01-20T14:34:25.282Z", "Updated": "2025-01-20T14:34:25.282Z", "groups": [], "user_permissions": []}}, {"model": "citizen.citizen", "pk": 5, "fields": {"password": "pbkdf2_sha256$870000$29XnsmiLfzyS8l7wTgnhrs$2lK0QXP0eQOJzZz6HTth2c35KF5fvAa1oSd6cxep2EE=", "last_login": null, "PublicId": "58d915d3-3357-4ae4-bd52-9b849def20ee", "UserName": "user4", "FirstName": "Test First 4", "SecondName": "testSecondName", "Surname": "testSurname", "NationalId": "4948585kdj", "DOB": "2025-01-20T13:39:16.959Z", "Email": "testEmail4@gmail.com", "EmailVerified": false, "is_active": true, "is_superuser": false, "Created": "2025-01-21T09:24:17.358Z", "Updated": "2025-02-02T08:48:53.334Z", "groups": [], "user_permissions": []}}, {"model": "citizen.citizen", "pk": 6, "fields": {"password": "pbkdf2_sha256$870000$Ao1mFzCjiVsycUgfteD8Iu$i3LBlKs8CB6LWCA95v40qH0WBLoBJiPuX7PX0im2Omw=", "last_login": null, "PublicId": "a75b1818-d7af-4cc0-8324-2d2b3bd62c68", "UserName": "erlson", "FirstName": "Erlson", "SecondName": "Tadiwa", "Surname": "Madara", "NationalId": "4948585kd", "DOB": "2001-09-18T13:39:16.959Z", "Email": "erlsontmadara@gmail.com", "EmailVerified": false, "is_active": true, "is_superuser": false, "Created": "2025-01-27T10:04:26.628Z", "Updated": "2025-01-27T10:04:26.628Z", "groups": [], "user_permissions": []}}, {"model": "citizen.citizen", "pk": 7, "fields": {"password": "pbkdf2_sha256$870000$u0544k4tnRoWLJFeHPsM7n$4xsYVcGApJeorFhmcMqBvFehyFaB5IWCnE0XEuNunsg=", "last_login": null, "PublicId": "2540e0e2-1337-44fc-b5f3-ddf2f7d14639", "UserName": "user5", "FirstName": "user5", "SecondName": null, "Surname": "surname5", "NationalId": "8484jsjsjdf", "DOB": "2012-01-20T13:39:16Z", "Email": "user5@email.gmail.com", "EmailVerified": false, "is_active": true, "is_superuser": false, "Created": "2025-02-03T12:36:38.310Z", "Updated": "2025-02-03T12:36:38.310Z", "groups": [], "user_permissions": []}}, {"model": "citizen.citizen", "pk": 8, "fields": {"password": "pbkdf2_sha256$870000$58v30jL81RTXBiCMXnmDg0$vmpolgICXf5nEI1Acne0wEpBmojMJX5pgWhUQbo2YhI=", "last_login": null, "PublicId": "fd8605ef-f2c1-48f1-8042-f191c7ab921c", "UserName": "user7", "FirstName": "user7", "SecondName": null, "Surname": "surname7", "NationalId": "848jsjdf", "DOB": "2012-01-20T13:39:16Z", "Email": "user7@email.gmail.com", "EmailVerified": false, "is_active": true, "is_superuser": false, "Created": "2025-03-03T10:14:21.806Z", "Updated": "2025-03-03T10:14:21.806Z", "groups": [], "user_permissions": []}}, {"model": "citizen.citizen", "pk": 9, "fields": {"password": "pbkdf2_sha256$870000$jQDcDAiR8BFXpfeXGRq2d9$ZyOLwrxUOQavfLTTiBEVrYwQlgzI3ZSlUlkWTJsZzvU=", "last_login": null, "PublicId": "0ee6df67-b8d8-4f8b-8298-253f212664ed", "UserName": "user8", "FirstName": "user8", "SecondName": null, "Surname": "surname8", "NationalId": "848jsdf", "DOB": "2012-01-20T13:39:16Z", "Email": "user8@email.gmail.com", "EmailVerified": false, "is_active": true, "is_superuser": false, "Created": "2025-03-03T10:14:44.250Z", "Updated": "2025-03-03T10:14:44.250Z", "groups": [], "user_permissions": []}}, {"model": "citizen.citizen", "pk": 10, "fields": {"password": "pbkdf2_sha256$870000$Za33lQsMBS2V0DFLfF9hnP$7+BDvjIgfb4WWtT8JP/O7Ob1bI2DZLBGWeWjlHYWAvo=", "last_login": null, "PublicId": "0f975b51-060a-4020-a3f4-f7c781d3faad", "UserName": "user99", "FirstName": "user99", "SecondName": null, "Surname": "surname9", "NationalId": "848jsdf9ppppp", "DOB": "2012-01-20T13:39:16Z", "Email": "user9@email.com", "EmailVerified": false, "is_active": true, "is_superuser": false, "Created": "2025-03-28T08:36:29.702Z", "Updated": "2025-04-30T12:24:46.051Z", "groups": [], "user_permissions": []}}, {"model": "citizen.citizen", "pk": 11, "fields": {"password": "pbkdf2_sha256$870000$FAp0wNugmZ3ebZZSCoeQxc$HBNphVLIEHV2zR4hUjR2F72DSEMimhIdLI23u/C16EQ=", "last_login": null, "PublicId": "88406c4b-e60b-499e-9a80-b9d2ede1d562", "UserName": "UITestIsername", "FirstName": "Ui Test", "SecondName": null, "Surname": "UiTest", "NationalId": "UitestId", "DOB": "2004-06-30T00:00:00Z", "Email": "uitest@gmail.com", "EmailVerified": false, "is_active": true, "is_superuser": false, "Created": "2025-03-29T07:25:04.400Z", "Updated": "2025-03-29T07:25:04.400Z", "groups": [], "user_permissions": []}}, {"model": "siteManager.sitemanager", "pk": 3, "fields": {"password": "pbkdf2_sha256$870000$6OAYQvqzOJdedapsKSeNI4$/9luyV8ctkNdDYjaafSJON47KdLEqIcJxanCHI8oLA4=", "last_login": null, "PublicId": "8e2a331c-d63c-43fc-98e0-751e02cafa25", "Created": "2025-01-27T10:20:39.503Z", "Updated": "2025-01-27T10:20:39.503Z", "ManagerUserName": "A3R0", "Citizen": 6, "FirstEmail": "erlsontmadara@gmail.com", "SecondEmail": null}}, {"model": "administrator.administrator", "pk": 1, "fields": {"password": "pbkdf2_sha256$870000$x9OECY0Gp04lBwMtHjeNAe$3TDPdy6TDjm25sVCmKh4tDJ2VLGQBUVej8j0ZKk+Azs=", "last_login": null, "PublicId": "302db681-46b2-4ca7-ba2a-121ef53ee10a", "Created": "2025-01-29T13:07:15.877Z", "Updated": "2025-01-29T13:07:15.877Z", "AdministratorUserName": "A3R0", "Citizen": 1, "FirstEmail": "admin1@gmail.com", "SecondEmail": null, "GranteeLimit": 30}}, {"model": "administrator.administrator", "pk": 2, "fields": {"password": "pbkdf2_sha256$870000$GjU9MEZ02wRCGrvQinnqIB$PZIdUpi+uj3sjpzXZBmtY3lmCE3Vu1U3gDR3HXDsfKc=", "last_login": null, "PublicId": "dd5f04e8-efac-4ae3-b079-fe6946a29cd5", "Created": "2025-02-03T12:44:21.887Z", "Updated": "2025-02-03T12:44:21.887Z", "AdministratorUserName": "AdminiDeptest", "Citizen": 7, "FirstEmail": "adminiDeptest@gmail.com", "SecondEmail": null, "GranteeLimit": 30}}, {"model": "administrator.administrator", "pk": 3, "fields": {"password": "pbkdf2_sha256$870000$D99oPza1RSzK5AhecBdoNZ$X7j11XKqPOkVbAkLEJOuVcFWM58dZ+bdyH96+270oVw=", "last_login": null, "PublicId": "f912492d-f6f5-4064-893b-c9cee0f8badf", "Created": "2025-04-02T19:49:46.303Z", "Updated": "2025-04-02T19:49:46.303Z", "AdministratorUserName": "ANewAdmin", "Citizen": 9, "FirstEmail": "newAdmin@admin.com", "SecondEmail": "newAdmin@admin.com", "GranteeLimit": 20}}, {"model": "grantee.grantee", "pk": 1, "fields": {"password": "pbkdf2_sha256$870000$DBLdCa0O2GmFLaS1dXIJwf$VondvyAsqB3YTHv0agTdB/bDXr4lbZASsqXLqTaG0z8=", "last_login": null, "PublicId": "6b605828-5c0a-4b59-9849-e67e2a90feb8", "Created": "2025-01-31T14:11:12.019Z", "Updated": "2025-02-02T08:48:25.359Z", "GranteeUserName": "grantee1", "Citizen": 5, "Administrator": 1, "Association": 2, "FirstEmail": "grantee1@gmail.com", "SecondEmail": null}}, {"model": "grantee.grantee", "pk": 2, "fields": {"password": "pbkdf2_sha256$870000$nXKVsLjDipeiouPc6x7hA3$pSReGOuty3HE7bQ1nGAhwL61fGRzvUzlvJ9zLl0pBKg=", "last_login": null, "PublicId": "1c3c9760-d07a-4367-a30e-6a956a88ade0", "Created": "2025-04-02T14:21:15.991Z", "Updated": "2025-04-02T14:21:15.991Z", "GranteeUserName": "grantee22", "Citizen": 11, "Administrator": 1, "Association": 4, "FirstEmail": "grantee2@email.com", "SecondEmail": null}}, {"model": "grantee.grantee", "pk": 3, "fields": {"password": "pbkdf2_sha256$870000$WOHi1Ixy36j2xMMCAmEiCK$pw5W7H3libANyvJrvsCc6iHY5x5irEfUNuHQl1zfEi4=", "last_login": null, "PublicId": "ad09ad1f-6b6a-43da-9f62-8d91358a0596", "Created": "2025-04-03T06:45:50.205Z", "Updated": "2025-04-03T06:45:50.205Z", "GranteeUserName": "UzGrantee", "Citizen": 10, "Administrator": 3, "Association": 6, "FirstEmail": "grantee3@email.com", "SecondEmail": "grantee3@email.com"}}, {"model": "grantee.grantee", "pk": 4, "fields": {"password": "pbkdf2_sha256$870000$oZe49ULiBcaDKVf1YPVuue$qi8jvOqiCWGc+YG943ukf5m5bzgo8pAxh8BuJrwqa9U=", "last_login": null, "PublicId": "f709b2f5-5d21-4aed-b67f-f95bbaa830ec", "Created": "2025-04-03T09:10:34.632Z", "Updated": "2025-04-03T09:10:34.632Z", "GranteeUserName": "grantee44", "Citizen": 6, "Administrator": 1, "Association": 5, "FirstEmail": "grantee4@gmail.com", "SecondEmail": "grantee4@gmail.com"}}, {"model": "grantee.grantee", "pk": 5, "fields": {"password": "pbkdf2_sha256$870000$RduhxYAhz5HCopVHZE7JLf$A7biwSJ4ZjXoznxOPg6ZEUEplHPezSz7arblN1HbYyE=", "last_login": null, "PublicId": "0b530e92-b3aa-4972-9c06-94212af368c0", "Created": "2025-04-03T09:37:11.621Z", "Updated": "2025-04-03T09:37:11.621Z", "GranteeUserName": "grantee55", "Citizen": 7, "Administrator": 1, "Association": 7, "FirstEmail": "grantee55@gmail.com", "SecondEmail": "grantee55@gmail.com"}}, {"model": "department.department", "pk": 1, "fields": {"PublicId": "fc688c8e-c47d-4ce5-9591-fab592628666", "Created": "2025-02-03T12:44:21.989Z", "Updated": "2025-04-04T08:23:48.498Z", "Title": "Test Depart", "Administrator": 2, "Description": "for testing purposes", "Email": "department1@gmail.com", "Telephone": "07782899090", "Website": "https://chatgpt.com/c/679f9248-6eb0-8003-8e53-6fee13fd4892"}}, {"model": "department.department", "pk": 16, "fields": {"PublicId": "9bd7083b-637a-4028-91e7-4971883c3170", "Created": "2025-02-03T13:30:16.868Z", "Updated": "2025-04-02T09:52:24.876Z", "Title": "department ui", "Administrator": 1, "Description": "for testing purposes 2", "Email": "department2025@gmail.com", "Telephone": "07782827400", "Website": "https://chatgpt.com/c/6794fb63-2878-8003-a001-f078323e9b08"}}, {"model": "department.department", "pk": 17, "fields": {"PublicId": "9cb357d9-ccd9-4d2a-abe9-391ff8e3fda7", "Created": "2025-04-03T06:24:03.042Z", "Updated": "2025-04-03T06:24:03.042Z", "Title": "Ministry of uz", "Administrator": 3, "Description": "uz stuff", "Email": "uz@their.email.com", "Telephone": "07782827", "Website": "https://emhare.uz.ac.zw/Users/login"}}, {"model": "association.association", "pk": 1, "fields": {"PublicId": "95498a7d-c33e-4593-8e6d-4767c1447a9a", "Created": "2025-02-03T13:30:16.893Z", "Updated": "2025-04-02T09:53:46.936Z", "Title": "association190", "Email": "association1@gmail.com", "Department": 16, "Description": "association1 description", "Website": "https://chatgpt.com/c/6794fb63-2878-8003-a001-f078323e9b08"}}, {"model": "association.association", "pk": 2, "fields": {"PublicId": "b7026842-9649-4957-af28-8eebbc036d37", "Created": "2025-02-03T13:39:16.388Z", "Updated": "2025-02-03T13:39:16.388Z", "Title": "association2", "Email": "association2@gmail.com", "Department": 16, "Description": "association2 description", "Website": "https://chatgpt.com/c/6794fb63-2878-8003-a001-f078323e9b08"}}, {"model": "association.association", "pk": 3, "fields": {"PublicId": "87f6bc7d-ce27-4314-812f-ac00d32f60c4", "Created": "2025-04-02T11:02:36.362Z", "Updated": "2025-04-02T11:02:36.363Z", "Title": "Association ui", "Email": "testEmail1@gmail.com", "Department": 1, "Description": "another association", "Website": "https://google.com"}}, {"model": "association.association", "pk": 4, "fields": {"PublicId": "7d834605-9c93-413a-8f07-4fb3d0a15f22", "Created": "2025-04-02T12:30:23.661Z", "Updated": "2025-04-02T12:30:23.661Z", "Title": "association test", "Email": "aaaa@association.com", "Department": 16, "Description": "description", "Website": "https://google.com"}}, {"model": "association.association", "pk": 5, "fields": {"PublicId": "a6d8a9b8-01ca-4e96-bf08-04d2dd4c69a8", "Created": "2025-04-02T17:49:32.214Z", "Updated": "2025-04-02T17:49:32.215Z", "Title": "Passport Test", "Email": "passport@gov.ac.zw", "Department": 16, "Description": "an association", "Website": "https://google.com"}}, {"model": "association.association", "pk": 6, "fields": {"PublicId": "770b00b1-5481-44ed-b68c-48ab3bbc9d35", "Created": "2025-04-03T06:24:40.873Z", "Updated": "2025-04-03T06:24:40.873Z", "Title": "Uz test", "Email": "uz@their.email.com", "Department": 17, "Description": "uz stuff", "Website": "https://emhare.uz.ac.zw/Users/login"}}, {"model": "association.association", "pk": 7, "fields": {"PublicId": "e9e5a583-8bff-4056-93d5-d3a2d4425674", "Created": "2025-04-03T09:25:14.929Z", "Updated": "2025-04-03T09:25:14.929Z", "Title": "testAdminui", "Email": "admin.ui@gmail.com", "Department": 16, "Description": "test admin ui", "Website": "https://cpc.org.zw/index.php/about-us/"}}, {"model": "association.association", "pk": 8, "fields": {"PublicId": "1ad78378-7c6e-4c5d-a39d-ed2eecc52448", "Created": "2025-04-04T08:14:48.737Z", "Updated": "2025-04-04T08:14:48.737Z", "Title": "one mor etest", "Email": "onemore@more.com", "Department": 16, "Description": "one more", "Website": "https://bogus.com"}}, {"model": "publicService.publicservice", "pk": 4, "fields": {"PublicId": "59492fdc-173c-4232-b548-c782d0009b8c", "Created": "2025-02-27T08:22:31.224Z", "Updated": "2025-04-02T09:54:27.370Z", "Title": "testService", "MachineName": "testServiceop", "Description": "testService Description", "Email": "testService2025@gmail.com", "Association": 2, "Restricted": false, "URL": "http://127.0.0.1:8000/api/", "Visibility": true, "Grantee": [1], "Methods": []}}, {"model": "publicService.publicservice", "pk": 5, "fields": {"PublicId": "10cd455a-4517-4794-bb2b-0fe4edbbe88a", "Created": "2025-04-02T06:31:40.140Z", "Updated": "2025-04-02T06:31:40.173Z", "Title": "Google", "MachineName": "google", "Description": "Describe google", "Email": "testEmail1@gmail.com", "Association": 2, "Restricted": false, "URL": "https://www.google.com/", "Visibility": true, "Grantee": [1], "Methods": []}}, {"model": "publicService.publicservice", "pk": 6, "fields": {"PublicId": "98eaa468-19a5-4960-929a-e448cfc28783", "Created": "2025-04-03T06:59:36.131Z", "Updated": "2025-05-05T14:30:45.929Z", "Title": "UzService", "MachineName": "uz_service1", "Description": "uz stuff", "Email": "uz@their.email.com", "Association": 6, "Restricted": false, "URL": "https://www.zimra.co.zw/", "Visibility": true, "Grantee": [3], "Methods": []}}, {"model": "publicService.publicservice", "pk": 7, "fields": {"PublicId": "2fba4ea6-0622-46d5-8906-0967db4286e1", "Created": "2025-04-03T08:14:27.501Z", "Updated": "2025-04-03T08:14:27.526Z", "Title": "TestAdmin", "MachineName": "testAdmin", "Description": "test admin ui", "Email": "ui@gmail.com", "Association": 2, "Restricted": false, "URL": "https://www.poe.com/", "Visibility": true, "Grantee": [1], "Methods": []}}, {"model": "publicService.publicservice", "pk": 8, "fields": {"PublicId": "ab8e53b1-0e38-4afc-b4bf-5df3b99bd95f", "Created": "2025-04-03T09:40:46.782Z", "Updated": "2025-05-15T23:00:25.635Z", "Title": "testAdminUi", "MachineName": "testAdminUi", "Description": "https://cpc.org.zw/index.php/about-us/", "Email": "adminui@gmail.com", "Association": 7, "Restricted": false, "URL": "https://cpc.org.zw/index.php/", "Visibility": true, "Grantee": [5], "Methods": []}}, {"model": "request.request", "pk": 1, "fields": {"PublicId": "e2c9fc96-df45-4d7c-aa20-1d85f496b5f7", "Created": "2025-03-03T10:29:56.032Z", "Updated": "2025-03-03T10:29:56.032Z", "Subject": "Trial Test", "Citizen": 9, "PublicService": 4, "Message": "Trying out for the service"}}, {"model": "request.request", "pk": 2, "fields": {"PublicId": "409ffe69-0736-4903-b9f1-2d08d017acc3", "Created": "2025-04-02T10:42:32.985Z", "Updated": "2025-04-02T10:42:32.985Z", "Subject": "Request google", "Citizen": 9, "PublicService": 5, "Message": "heillo"}}, {"model": "request.request", "pk": 3, "fields": {"PublicId": "427a9c5d-08a3-40de-a00c-1d48ceeab943", "Created": "2025-04-02T12:54:54.883Z", "Updated": "2025-04-02T12:54:54.883Z", "Subject": "Google access", "Citizen": 1, "PublicService": 5, "Message": "i want do some research"}}, {"model": "request.request", "pk": 4, "fields": {"PublicId": "4a1e6579-b431-4f50-9bac-08215bdc5ed3", "Created": "2025-04-02T13:25:02.130Z", "Updated": "2025-04-02T13:25:02.130Z", "Subject": "Request service", "Citizen": 1, "PublicService": 4, "Message": "testing stuff"}}, {"model": "grant.grant", "pk": 1, "fields": {"PublicId": "c4917d9c-d594-45b9-9358-6e1aeed051ce", "Created": "2025-03-03T10:29:56.047Z", "Updated": "2025-04-03T11:33:59.455Z", "Message": "Youve been granted permission", "Request": 1, "Grantee": 1, "Decline": false, "StartDate": "2025-04-03T13:31:00Z", "EndDate": "2025-04-11T13:31:00Z"}}, {"model": "grant.grant", "pk": 2, "fields": {"PublicId": "3b281780-d025-4130-9040-7087308db318", "Created": "2025-04-02T10:42:33.004Z", "Updated": "2025-04-02T10:42:33.004Z", "Message": "N/A", "Request": 2, "Grantee": null, "Decline": false, "StartDate": null, "EndDate": null}}, {"model": "grant.grant", "pk": 3, "fields": {"PublicId": "2b589dbf-daf8-4002-bf99-bed3208dfd30", "Created": "2025-04-02T12:54:54.896Z", "Updated": "2025-04-02T12:54:54.896Z", "Message": "N/A", "Request": 3, "Grantee": null, "Decline": false, "StartDate": null, "EndDate": null}}, {"model": "grant.grant", "pk": 4, "fields": {"PublicId": "401443dc-a395-4a04-98f1-24e184113105", "Created": "2025-04-02T13:25:02.144Z", "Updated": "2025-04-02T13:25:02.144Z", "Message": "N/A", "Request": 4, "Grantee": null, "Decline": false, "StartDate": null, "EndDate": null}}, {"model": "servicePermissions.publicservicepermission", "pk": 3, "fields": {"PublicService": 6}}, {"model": "servicePermissions.publicservicepermission", "pk": 5, "fields": {"PublicService": 5}}, {"model": "servicePermissions.publicservicepermission", "pk": 7, "fields": {"PublicService": 8}}, {"model": "servicePermissions.associationpermission", "pk": 4, "fields": {"Association": 5}}, {"model": "servicePermissions.associationpermission", "pk": 6, "fields": {"Association": 1}}, {"model": "servicePermissions.associationpermission", "pk": 8, "fields": {"Association": 7}}, {"model": "servicePermissions.departmentpermission", "pk": 1, "fields": {"Department": 16}}, {"model": "servicePermissions.departmentpermission", "pk": 2, "fields": {"Department": 16}}, {"model": "servicePermissions.departmentpermission", "pk": 9, "fields": {"Department": 16}}, {"model": "servicePermissions.departmentpermission", "pk": 10, "fields": {"Department": 16}}, {"model": "servicePermissions.departmentpermission", "pk": 11, "fields": {"Department": 16}}, {"model": "servicePermissions.departmentpermission", "pk": 12, "fields": {"Department": 17}}, {"model": "systemLog.citizenlog", "pk": 4, "fields": {}}, {"model": "systemLog.citizenlog", "pk": 5, "fields": {}}, {"model": "systemLog.citizenlog", "pk": 6, "fields": {}}, {"model": "systemLog.citizenlog", "pk": 7, "fields": {}}, {"model": "systemLog.citizenlog", "pk": 8, "fields": {}}, {"model": "systemLog.citizenlog", "pk": 9, "fields": {}}, {"model": "systemLog.citizenlog", "pk": 10, "fields": {}}, {"model": "systemLog.citizenlog", "pk": 11, "fields": {}}, {"model": "systemLog.citizenlog", "pk": 12, "fields": {}}, {"model": "systemLog.citizenlog", "pk": 13, "fields": {}}, {"model": "systemLog.citizenlog", "pk": 14, "fields": {}}, {"model": "systemLog.citizenlog", "pk": 15, "fields": {}}, {"model": "systemLog.citizenlog", "pk": 16, "fields": {}}, {"model": "systemLog.citizenlog", "pk": 17, "fields": {}}, {"model": "systemLog.citizenlog", "pk": 18, "fields": {}}, {"model": "systemLog.citizenlog", "pk": 19, "fields": {}}, {"model": "systemLog.citizenlog", "pk": 20, "fields": {}}, {"model": "systemLog.citizenlog", "pk": 21, "fields": {}}, {"model": "systemLog.citizenlog", "pk": 22, "fields": {}}, {"model": "systemLog.citizenlog", "pk": 23, "fields": {}}, {"model": "systemLog.citizenlog", "pk": 24, "fields": {}}, {"model": "systemLog.citizenlog", "pk": 25, "fields": {}}, {"model": "systemLog.citizenlog", "pk": 26, "fields": {}}, {"model": "systemLog.citizenlog", "pk": 27, "fields": {}}, {"model": "systemLog.citizenlog", "pk": 28, "fields": {}}, {"model": "systemLog.citizenlog", "pk": 29, "fields": {}}, {"model": "systemLog.citizenlog", "pk": 30, "fields": {}}, {"model": "systemLog.citizenlog", "pk": 31, "fields": {}}, {"model": "systemLog.citizenlog", "pk": 32, "fields": {}}, {"model": "systemLog.citizenlog", "pk": 33, "fields": {}}, {"model": "systemLog.citizenlog", "pk": 34, "fields": {}}, {"model": "systemLog.citizenlog", "pk": 35, "fields": {}}, {"model": "systemLog.citizenlog", "pk": 36, "fields": {}}, {"model": "systemLog.citizenlog", "pk": 37, "fields": {}}, {"model": "systemLog.citizenlog", "pk": 38, "fields": {}}, {"model": "systemLog.citizenlog", "pk": 39, "fields": {}}, {"model": "systemLog.citizenlog", "pk": 40, "fields": {}}, {"model": "systemLog.citizenlog", "pk": 41, "fields": {}}, {"model": "systemLog.citizenlog", "pk": 42, "fields": {}}, {"model": "systemLog.citizenlog", "pk": 43, "fields": {}}, {"model": "systemLog.citizenlog", "pk": 44, "fields": {}}, {"model": "systemLog.citizenlog", "pk": 45, "fields": {}}, {"model": "systemLog.citizenlog", "pk": 46, "fields": {}}, {"model": "systemLog.citizenlog", "pk": 47, "fields": {}}, {"model": "systemLog.citizenlog", "pk": 48, "fields": {}}, {"model": "systemLog.citizenlog", "pk": 49, "fields": {}}, {"model": "systemLog.citizenlog", "pk": 50, "fields": {}}, {"model": "systemLog.citizenlog", "pk": 51, "fields": {}}, {"model": "systemLog.citizenlog", "pk": 52, "fields": {}}, {"model": "systemLog.citizenlog", "pk": 53, "fields": {}}, {"model": "systemLog.citizenlog", "pk": 54, "fields": {}}, {"model": "systemLog.citizenlog", "pk": 55, "fields": {}}, {"model": "systemLog.citizenlog", "pk": 56, "fields": {}}, {"model": "systemLog.citizenlog", "pk": 57, "fields": {}}, {"model": "systemLog.citizenlog", "pk": 58, "fields": {}}, {"model": "systemLog.citizenlog", "pk": 59, "fields": {}}, {"model": "systemLog.citizenlog", "pk": 60, "fields": {}}, {"model": "systemLog.citizenlog", "pk": 61, "fields": {}}, {"model": "systemLog.citizenlog", "pk": 62, "fields": {}}, {"model": "systemLog.citizenlog", "pk": 63, "fields": {}}, {"model": "systemLog.citizenlog", "pk": 64, "fields": {}}, {"model": "systemLog.citizenlog", "pk": 65, "fields": {}}, {"model": "systemLog.citizenlog", "pk": 66, "fields": {}}, {"model": "systemLog.citizenlog", "pk": 67, "fields": {}}, {"model": "systemLog.citizenlog", "pk": 68, "fields": {}}, {"model": "systemLog.citizenlog", "pk": 69, "fields": {}}, {"model": "systemLog.citizenlog", "pk": 70, "fields": {}}, {"model": "systemLog.citizenlog", "pk": 71, "fields": {}}, {"model": "systemLog.citizenlog", "pk": 72, "fields": {}}, {"model": "systemLog.citizenlog", "pk": 73, "fields": {}}, {"model": "systemLog.citizenlog", "pk": 74, "fields": {}}, {"model": "systemLog.citizenlog", "pk": 75, "fields": {}}, {"model": "systemLog.citizenlog", "pk": 76, "fields": {}}, {"model": "systemLog.citizenlog", "pk": 77, "fields": {}}, {"model": "systemLog.citizenlog", "pk": 78, "fields": {}}, {"model": "systemLog.citizenlog", "pk": 79, "fields": {}}, {"model": "systemLog.citizenlog", "pk": 80, "fields": {}}, {"model": "systemLog.citizenlog", "pk": 81, "fields": {}}, {"model": "systemLog.citizenlog", "pk": 82, "fields": {}}, {"model": "systemLog.citizenlog", "pk": 83, "fields": {}}, {"model": "systemLog.citizenlog", "pk": 84, "fields": {}}, {"model": "systemLog.citizenlog", "pk": 85, "fields": {}}, {"model": "systemLog.citizenlog", "pk": 86, "fields": {}}, {"model": "systemLog.citizenlog", "pk": 87, "fields": {}}, {"model": "systemLog.citizenlog", "pk": 88, "fields": {}}, {"model": "systemLog.citizenlog", "pk": 89, "fields": {}}, {"model": "systemLog.citizenlog", "pk": 90, "fields": {}}, {"model": "systemLog.citizenlog", "pk": 91, "fields": {}}, {"model": "systemLog.citizenlog", "pk": 92, "fields": {}}, {"model": "systemLog.citizenlog", "pk": 93, "fields": {}}, {"model": "systemLog.citizenlog", "pk": 94, "fields": {}}, {"model": "systemLog.citizenlog", "pk": 95, "fields": {}}, {"model": "systemLog.citizenlog", "pk": 96, "fields": {}}, {"model": "systemLog.citizenlog", "pk": 97, "fields": {}}, {"model": "systemLog.citizenlog", "pk": 98, "fields": {}}, {"model": "systemLog.citizenlog", "pk": 99, "fields": {}}, {"model": "systemLog.citizenlog", "pk": 100, "fields": {}}, {"model": "systemLog.citizenlog", "pk": 101, "fields": {}}, {"model": "systemLog.citizenlog", "pk": 102, "fields": {}}, {"model": "systemLog.citizenlog", "pk": 103, "fields": {}}, {"model": "systemLog.citizenlog", "pk": 104, "fields": {}}, {"model": "systemLog.citizenlog", "pk": 105, "fields": {}}, {"model": "systemLog.citizenlog", "pk": 106, "fields": {}}, {"model": "systemLog.citizenlog", "pk": 107, "fields": {}}, {"model": "systemLog.citizenlog", "pk": 108, "fields": {}}, {"model": "systemLog.citizenlog", "pk": 109, "fields": {}}, {"model": "systemLog.citizenlog", "pk": 110, "fields": {}}, {"model": "systemLog.citizenlog", "pk": 111, "fields": {}}, {"model": "systemLog.citizenlog", "pk": 112, "fields": {}}, {"model": "systemLog.citizenlog", "pk": 113, "fields": {}}, {"model": "systemLog.citizenlog", "pk": 114, "fields": {}}, {"model": "systemLog.citizenlog", "pk": 115, "fields": {}}, {"model": "systemLog.citizenlog", "pk": 116, "fields": {}}, {"model": "systemLog.citizenlog", "pk": 117, "fields": {}}, {"model": "systemLog.citizenlog", "pk": 118, "fields": {}}, {"model": "systemLog.citizenlog", "pk": 119, "fields": {}}, {"model": "systemLog.citizenlog", "pk": 120, "fields": {}}, {"model": "systemLog.citizenlog", "pk": 121, "fields": {}}, {"model": "systemLog.citizenlog", "pk": 122, "fields": {}}, {"model": "systemLog.citizenlog", "pk": 123, "fields": {}}, {"model": "systemLog.citizenlog", "pk": 124, "fields": {}}, {"model": "systemLog.citizenlog", "pk": 125, "fields": {}}, {"model": "systemLog.citizenlog", "pk": 126, "fields": {}}, {"model": "systemLog.citizenlog", "pk": 127, "fields": {}}, {"model": "systemLog.citizenlog", "pk": 128, "fields": {}}, {"model": "systemLog.citizenlog", "pk": 129, "fields": {}}, {"model": "systemLog.citizenlog", "pk": 130, "fields": {}}, {"model": "systemLog.citizenlog", "pk": 131, "fields": {}}, {"model": "systemLog.citizenlog", "pk": 132, "fields": {}}, {"model": "systemLog.citizenlog", "pk": 133, "fields": {}}, {"model": "systemLog.citizenlog", "pk": 134, "fields": {}}, {"model": "systemLog.citizenlog", "pk": 135, "fields": {}}, {"model": "systemLog.citizenlog", "pk": 136, "fields": {}}, {"model": "systemLog.citizenlog", "pk": 137, "fields": {}}, {"model": "systemLog.citizenlog", "pk": 138, "fields": {}}, {"model": "systemLog.citizenlog", "pk": 139, "fields": {}}, {"model": "systemLog.citizenlog", "pk": 140, "fields": {}}, {"model": "systemLog.citizenlog", "pk": 141, "fields": {}}, {"model": "systemLog.citizenlog", "pk": 143, "fields": {}}, {"model": "systemLog.citizenlog", "pk": 145, "fields": {}}, {"model": "systemLog.citizenlog", "pk": 147, "fields": {}}, {"model": "systemLog.citizenlog", "pk": 148, "fields": {}}, {"model": "systemLog.citizenlog", "pk": 149, "fields": {}}, {"model": "systemLog.citizenlog", "pk": 150, "fields": {}}, {"model": "systemLog.citizenlog", "pk": 151, "fields": {}}, {"model": "systemLog.citizenlog", "pk": 152, "fields": {}}, {"model": "systemLog.citizenlog", "pk": 153, "fields": {}}, {"model": "systemLog.citizenlog", "pk": 154, "fields": {}}, {"model": "systemLog.citizenlog", "pk": 155, "fields": {}}, {"model": "systemLog.citizenlog", "pk": 156, "fields": {}}, {"model": "systemLog.citizenlog", "pk": 157, "fields": {}}, {"model": "systemLog.citizenlog", "pk": 158, "fields": {}}, {"model": "systemLog.sitemanagerlog", "pk": 3, "fields": {"SiteManager": "8e2a331cd63c43fc98e0751e02cafa25"}}, {"model": "systemLog.sitemanagerlog", "pk": 142, "fields": {"SiteManager": "8e2a331cd63c43fc98e0751e02cafa25"}}, {"model": "systemLog.sitemanagerlog", "pk": 144, "fields": {"SiteManager": "8e2a331cd63c43fc98e0751e02cafa25"}}, {"model": "systemLog.sitemanagerlog", "pk": 146, "fields": {"SiteManager": "8e2a331cd63c43fc98e0751e02cafa25"}}, {"model": "serviceSession.servicesession", "pk": 1, "fields": {"PublicId": "49074ae2-1231-4252-996c-27db10af6b5c", "Created": "2025-05-12T14:50:50.456Z", "Updated": "2025-05-12T14:50:50.456Z", "Citizen": 10, "Service": 6, "IpAddress": "::1", "LastSeen": null, "EnforceExpiry": false}}, {"model": "serviceSession.servicesession", "pk": 2, "fields": {"PublicId": "21c56c48-67fe-4905-9539-911fb0a6bfcf", "Created": "2025-05-12T14:51:49.054Z", "Updated": "2025-05-12T14:51:49.054Z", "Citizen": 10, "Service": 6, "IpAddress": "::1", "LastSeen": null, "EnforceExpiry": false}}, {"model": "serviceSession.servicesession", "pk": 3, "fields": {"PublicId": "568eeb34-bf59-45ad-92af-199689c984e7", "Created": "2025-05-12T14:53:42.494Z", "Updated": "2025-05-12T14:53:42.494Z", "Citizen": 10, "Service": 6, "IpAddress": "::1", "LastSeen": null, "EnforceExpiry": false}}, {"model": "serviceSession.servicesession", "pk": 4, "fields": {"PublicId": "1463cfb3-c1dc-4817-b0e9-beabdfc7a9e1", "Created": "2025-05-13T13:46:28.671Z", "Updated": "2025-05-13T13:46:28.671Z", "Citizen": 10, "Service": 6, "IpAddress": "::1", "LastSeen": null, "EnforceExpiry": false}}, {"model": "serviceSession.servicesession", "pk": 5, "fields": {"PublicId": "d2803d7a-5a09-47e0-bf7b-97d374683dd1", "Created": "2025-05-13T15:46:48.490Z", "Updated": "2025-05-13T15:46:48.490Z", "Citizen": 10, "Service": 6, "IpAddress": "::1", "LastSeen": null, "EnforceExpiry": false}}, {"model": "serviceSession.servicesession", "pk": 6, "fields": {"PublicId": "4774f0ce-9547-41b5-b3fd-2a342de3fddd", "Created": "2025-05-15T22:23:49.433Z", "Updated": "2025-05-15T22:23:49.433Z", "Citizen": 10, "Service": 6, "IpAddress": "::1", "LastSeen": null, "EnforceExpiry": false}}, {"model": "serviceSession.servicesession", "pk": 7, "fields": {"PublicId": "97d16801-c12e-4ab6-a519-28de6f69674e", "Created": "2025-05-15T22:34:30.486Z", "Updated": "2025-05-15T22:34:30.486Z", "Citizen": 10, "Service": 6, "IpAddress": "127.0.0.1", "LastSeen": null, "EnforceExpiry": false}}, {"model": "serviceSession.servicesession", "pk": 8, "fields": {"PublicId": "998b5db7-2e16-4228-baad-559cb2632f66", "Created": "2025-05-15T22:37:19.126Z", "Updated": "2025-05-15T22:37:19.126Z", "Citizen": 10, "Service": 8, "IpAddress": "127.0.0.1", "LastSeen": null, "EnforceExpiry": false}}, {"model": "serviceSession.servicesession", "pk": 9, "fields": {"PublicId": "745a5b1c-afb3-4a25-a1a8-9b584bfdfcec", "Created": "2025-05-15T22:45:22.107Z", "Updated": "2025-05-15T22:45:22.107Z", "Citizen": 10, "Service": 8, "IpAddress": "127.0.0.1", "LastSeen": null, "EnforceExpiry": false}}, {"model": "serviceSession.servicesession", "pk": 10, "fields": {"PublicId": "b37c5dbc-0937-4f91-a16d-c22e4081702c", "Created": "2025-05-15T22:45:41.587Z", "Updated": "2025-05-15T22:45:41.587Z", "Citizen": 10, "Service": 8, "IpAddress": "127.0.0.1", "LastSeen": null, "EnforceExpiry": false}}, {"model": "serviceSession.servicesession", "pk": 11, "fields": {"PublicId": "2a97e5b6-9d04-4b8d-a5bf-6c7434aa5196", "Created": "2025-05-22T08:40:46.769Z", "Updated": "2025-05-22T08:40:46.769Z", "Citizen": 10, "Service": 6, "IpAddress": "::1", "LastSeen": null, "EnforceExpiry": false}}, {"model": "serviceSession.servicesession", "pk": 12, "fields": {"PublicId": "c11b6835-c068-4906-ae98-ef06e990875f", "Created": "2025-05-22T09:14:07.305Z", "Updated": "2025-05-22T09:14:07.305Z", "Citizen": 10, "Service": 6, "IpAddress": "127.0.0.1", "LastSeen": null, "EnforceExpiry": false}}, {"model": "serviceSession.servicesession", "pk": 13, "fields": {"PublicId": "4789123d-1544-403e-ac3e-087236ee8dcd", "Created": "2025-05-22T09:55:30.194Z", "Updated": "2025-05-22T12:36:57.841Z", "Citizen": 10, "Service": 6, "IpAddress": "127.0.0.1", "LastSeen": "2025-05-22T12:36:57.834Z", "EnforceExpiry": false}}]