[{"model": "core.abstractpermission", "pk": 1, "fields": {"PublicId": "54d643cc-4c00-4d46-ab02-12c4eeb81969", "Created": "2025-04-01T08:20:51.676Z", "Updated": "2025-04-01T19:02:32.545Z", "Name": "Test Permission", "Description": "Test permission", "StartTime": "2025-04-01T10:19:00Z", "EndTime": "2025-05-04T10:19:00Z", "Citizens": [10]}}, {"model": "core.abstractpermission", "pk": 3, "fields": {"PublicId": "b938ec16-524a-48ff-ab02-abffa51cac14", "Created": "2025-04-03T07:58:23.257Z", "Updated": "2025-04-03T07:59:05.460Z", "Name": "UzStudents", "Description": "uz stufffff", "StartTime": "2025-04-03T08:54:00Z", "EndTime": "2025-05-03T07:54:00Z", "Citizens": [10, 11]}}, {"model": "core.abstractpermission", "pk": 4, "fields": {"PublicId": "670055d0-a225-467c-a7f5-0a7d3d4f4294", "Created": "2025-04-03T08:01:26.570Z", "Updated": "2025-04-03T08:01:26.570Z", "Name": "Test Manager Permission", "Description": "Test manager", "StartTime": "2025-04-03T07:59:00Z", "EndTime": "2025-05-03T07:59:00Z", "Citizens": [6]}}, {"model": "core.abstractpermission", "pk": 5, "fields": {"PublicId": "fcf32ac4-c344-4524-9710-1a1cf810b214", "Created": "2025-04-03T08:50:35.973Z", "Updated": "2025-06-26T23:03:10.889Z", "Name": "test google service permission", "Description": "allow google", "StartTime": "2025-04-05T08:33:00Z", "EndTime": "2025-07-01T08:33:00Z", "Citizens": [1, 6]}}, {"model": "core.abstractpermission", "pk": 6, "fields": {"PublicId": "7cc5b350-0cb0-4e12-9033-f748bd52c4dd", "Created": "2025-04-03T08:54:48.781Z", "Updated": "2025-04-03T08:54:48.781Z", "Name": "testAdminAssociation", "Description": "hshh", "StartTime": "2025-04-03T08:50:00Z", "EndTime": "2025-05-03T08:50:00Z", "Citizens": [6]}}, {"model": "core.abstractpermission", "pk": 8, "fields": {"PublicId": "f3466fa4-67b2-4f75-b8a0-cbf2faf0c318", "Created": "2025-04-03T09:44:13.648Z", "Updated": "2025-04-03T09:44:13.648Z", "Name": "User5", "Description": "User5", "StartTime": "2025-04-03T09:42:00Z", "EndTime": "2025-05-03T09:42:00Z", "Citizens": [7]}}, {"model": "core.abstractpermission", "pk": 9, "fields": {"PublicId": "12325a22-02cd-497e-b112-c1eee2736011", "Created": "2025-04-03T10:08:13.645Z", "Updated": "2025-04-03T10:08:13.645Z", "Name": "User5", "Description": "User5", "StartTime": "2025-04-03T10:07:00Z", "EndTime": "2025-05-03T10:07:00Z", "Citizens": [7]}}, {"model": "core.abstractpermission", "pk": 11, "fields": {"PublicId": "34cc8b48-673b-4631-83b6-0f976251164e", "Created": "2025-04-29T12:16:47.994Z", "Updated": "2025-04-29T12:16:47.994Z", "Name": "User9", "Description": "stuff", "StartTime": "2025-04-29T12:15:00Z", "EndTime": "2025-05-29T12:15:00Z", "Citizens": [10]}}, {"model": "core.abstractpermission", "pk": 12, "fields": {"PublicId": "b2f2c3ea-9c2c-476f-acad-edc7f32a7d13", "Created": "2025-04-30T13:06:45.219Z", "Updated": "2025-04-30T13:06:45.220Z", "Name": "Department uz", "Description": "testing", "StartTime": "2025-04-30T13:05:00Z", "EndTime": "2025-05-30T13:05:00Z", "Citizens": [1, 2, 5, 6, 7, 8, 9, 10, 11]}}, {"model": "core.abstractpermission", "pk": 13, "fields": {"PublicId": "9085aedf-2018-4c43-a7ee-5d9c274f151a", "Created": "2025-06-27T21:00:50.963Z", "Updated": "2025-06-27T21:00:50.963Z", "Name": "Erlson", "Description": "fdkdkdkdk", "StartTime": "2025-06-27T20:48:00Z", "EndTime": "2025-07-04T20:48:00Z", "Citizens": [10]}}, {"model": "core.abstractpermission", "pk": 14, "fields": {"PublicId": "57f0696a-c08e-4abf-b217-42b9bc98e464", "Created": "2025-06-27T21:01:14.632Z", "Updated": "2025-06-27T21:01:14.632Z", "Name": "Erlson22", "Description": "fdkdkdkdk", "StartTime": "2025-06-27T20:48:00Z", "EndTime": "2025-07-04T20:48:00Z", "Citizens": [10]}}, {"model": "core.abstractpermission", "pk": 16, "fields": {"PublicId": "884a9c7b-af19-4a51-953e-b3ebe5cfe8ca", "Created": "2025-06-27T21:35:07.336Z", "Updated": "2025-06-27T21:35:07.336Z", "Name": "djdjdj", "Description": "jddjdj", "StartTime": "2025-07-04T21:34:00Z", "EndTime": "2025-07-05T21:34:00Z", "Citizens": [6]}}, {"model": "core.abstractlogmodel", "pk": 3, "fields": {"PublicId": "ac045782-9df6-4490-b25c-923686ccbaaf", "Created": "2025-05-22T08:30:45.110Z", "Updated": "2025-05-22T08:30:45.110Z", "Citizen": 6, "Method": "GET", "Object": "PublicService", "RecordId": "n/a", "IpAddress": "::1", "Message": "Accessd Entity: N\\A"}}, {"model": "core.abstractlogmodel", "pk": 4, "fields": {"PublicId": "22c0f976-135e-4972-ba05-3241f69d3d07", "Created": "2025-05-22T08:30:45.153Z", "Updated": "2025-05-22T08:30:45.154Z", "Citizen": 6, "Method": "GET", "Object": "PublicService", "RecordId": "n/a", "IpAddress": "::1", "Message": "Accessd Entity: N\\A"}}, {"model": "core.abstractlogmodel", "pk": 5, "fields": {"PublicId": "a707353c-dde1-4bcd-a848-c092d2bb5684", "Created": "2025-05-22T08:31:29.603Z", "Updated": "2025-05-22T08:31:29.603Z", "Citizen": 6, "Method": "GET", "Object": "ManagerLog", "RecordId": "n/a", "IpAddress": "::1", "Message": "Accessd Entity: N\\A"}}, {"model": "core.abstractlogmodel", "pk": 6, "fields": {"PublicId": "fc00897f-f139-4ecf-970b-40bd20779897", "Created": "2025-05-22T08:40:46.973Z", "Updated": "2025-05-22T08:40:46.973Z", "Citizen": 10, "Method": "GET", "Object": "Service", "RecordId": "98eaa46819a54960929ae448cfc28783", "IpAddress": "::1", "Message": "Accessed Service: uz_service1"}}, {"model": "core.abstractlogmodel", "pk": 7, "fields": {"PublicId": "b41038c1-d505-4a44-91b9-0c7bc15c83d6", "Created": "2025-05-22T08:41:41.006Z", "Updated": "2025-05-22T08:41:41.006Z", "Citizen": 10, "Method": "GET", "Object": "Service", "RecordId": "98eaa46819a54960929ae448cfc28783", "IpAddress": "::1", "Message": "Accessed Service: uz_service1"}}, {"model": "core.abstractlogmodel", "pk": 8, "fields": {"PublicId": "9a6e709d-62ef-49d1-bcde-903f5a6a2377", "Created": "2025-05-22T08:43:08.623Z", "Updated": "2025-05-22T08:43:08.623Z", "Citizen": 10, "Method": "GET", "Object": "Service", "RecordId": "98eaa46819a54960929ae448cfc28783", "IpAddress": "::1", "Message": "Accessed Service: uz_service1"}}, {"model": "core.abstractlogmodel", "pk": 9, "fields": {"PublicId": "82108c53-4958-4583-9eae-6677d4b209fc", "Created": "2025-05-22T08:43:27.723Z", "Updated": "2025-05-22T08:43:27.723Z", "Citizen": 10, "Method": "GET", "Object": "Service", "RecordId": "98eaa46819a54960929ae448cfc28783", "IpAddress": "::1", "Message": "Accessed Service: uz_service1"}}, {"model": "core.abstractlogmodel", "pk": 10, "fields": {"PublicId": "46e2dd38-8447-45a3-8416-b681f20ece8b", "Created": "2025-05-22T08:44:09.346Z", "Updated": "2025-05-22T08:44:09.346Z", "Citizen": 10, "Method": "GET", "Object": "Service", "RecordId": "98eaa46819a54960929ae448cfc28783", "IpAddress": "::1", "Message": "Accessed Service: uz_service1"}}, {"model": "core.abstractlogmodel", "pk": 11, "fields": {"PublicId": "820ca745-978a-45a9-9cc6-2845135ac21d", "Created": "2025-05-22T08:44:10.985Z", "Updated": "2025-05-22T08:44:10.985Z", "Citizen": 10, "Method": "GET", "Object": "Service", "RecordId": "98eaa46819a54960929ae448cfc28783", "IpAddress": "::1", "Message": "Accessed Service: uz_service1"}}, {"model": "core.abstractlogmodel", "pk": 12, "fields": {"PublicId": "8151d695-dcb2-4283-b7b5-0d794dd09833", "Created": "2025-05-22T08:48:31.117Z", "Updated": "2025-05-22T08:48:31.117Z", "Citizen": 10, "Method": "GET", "Object": "Service", "RecordId": "98eaa46819a54960929ae448cfc28783", "IpAddress": "::1", "Message": "Accessed Service: uz_service1"}}, {"model": "core.abstractlogmodel", "pk": 13, "fields": {"PublicId": "246fb979-d5cf-49d0-bf52-190249cf7677", "Created": "2025-05-22T08:54:33.956Z", "Updated": "2025-05-22T08:54:33.956Z", "Citizen": 10, "Method": "GET", "Object": "Service", "RecordId": "98eaa46819a54960929ae448cfc28783", "IpAddress": "::1", "Message": "Accessed Service: uz_service1"}}, {"model": "core.abstractlogmodel", "pk": 14, "fields": {"PublicId": "470ecd67-936c-4a3b-8195-330352bf148b", "Created": "2025-05-22T09:14:07.494Z", "Updated": "2025-05-22T09:14:07.494Z", "Citizen": 10, "Method": "GET", "Object": "Service", "RecordId": "98eaa46819a54960929ae448cfc28783", "IpAddress": "127.0.0.1", "Message": "Accessed Service: uz_service1"}}, {"model": "core.abstractlogmodel", "pk": 15, "fields": {"PublicId": "626702e4-6e38-44e9-81e5-ea8fe3874b2c", "Created": "2025-05-22T09:14:09.906Z", "Updated": "2025-05-22T09:14:09.906Z", "Citizen": 10, "Method": "GET", "Object": "Service", "RecordId": "98eaa46819a54960929ae448cfc28783", "IpAddress": "127.0.0.1", "Message": "Accessed Service: uz_service1"}}, {"model": "core.abstractlogmodel", "pk": 16, "fields": {"PublicId": "10a352ad-1551-43e5-b2a6-ca7bf2fa3dcf", "Created": "2025-05-22T09:14:09.995Z", "Updated": "2025-05-22T09:14:09.995Z", "Citizen": 10, "Method": "GET", "Object": "Service", "RecordId": "98eaa46819a54960929ae448cfc28783", "IpAddress": "127.0.0.1", "Message": "Accessed Service: uz_service1"}}, {"model": "core.abstractlogmodel", "pk": 17, "fields": {"PublicId": "834190c3-06f1-44d7-8f89-e1e435c7b82d", "Created": "2025-05-22T09:14:10.034Z", "Updated": "2025-05-22T09:14:10.034Z", "Citizen": 10, "Method": "GET", "Object": "Service", "RecordId": "98eaa46819a54960929ae448cfc28783", "IpAddress": "127.0.0.1", "Message": "Accessed Service: uz_service1"}}, {"model": "core.abstractlogmodel", "pk": 18, "fields": {"PublicId": "c760b6fc-7202-465f-b9ba-36bdf6f54618", "Created": "2025-05-22T09:14:10.042Z", "Updated": "2025-05-22T09:14:10.043Z", "Citizen": 10, "Method": "GET", "Object": "Service", "RecordId": "98eaa46819a54960929ae448cfc28783", "IpAddress": "127.0.0.1", "Message": "Accessed Service: uz_service1"}}, {"model": "core.abstractlogmodel", "pk": 19, "fields": {"PublicId": "86f86e15-3bde-447b-862e-20ada82dea8b", "Created": "2025-05-22T09:14:10.570Z", "Updated": "2025-05-22T09:14:10.570Z", "Citizen": 10, "Method": "GET", "Object": "Service", "RecordId": "98eaa46819a54960929ae448cfc28783", "IpAddress": "127.0.0.1", "Message": "Accessed Service: uz_service1"}}, {"model": "core.abstractlogmodel", "pk": 20, "fields": {"PublicId": "0d6da54b-dd03-4c92-9b4e-bba297806097", "Created": "2025-05-22T09:14:10.585Z", "Updated": "2025-05-22T09:14:10.585Z", "Citizen": 10, "Method": "GET", "Object": "Service", "RecordId": "98eaa46819a54960929ae448cfc28783", "IpAddress": "127.0.0.1", "Message": "Accessed Service: uz_service1"}}, {"model": "core.abstractlogmodel", "pk": 21, "fields": {"PublicId": "817da01d-084e-4aa2-9d5f-db21bde76060", "Created": "2025-05-22T09:14:34.237Z", "Updated": "2025-05-22T09:14:34.238Z", "Citizen": 10, "Method": "GET", "Object": "Service", "RecordId": "98eaa46819a54960929ae448cfc28783", "IpAddress": "127.0.0.1", "Message": "Accessed Service: uz_service1"}}, {"model": "core.abstractlogmodel", "pk": 22, "fields": {"PublicId": "dd192cf6-c175-42b3-bbd6-dffe26add1d3", "Created": "2025-05-22T09:14:35.768Z", "Updated": "2025-05-22T09:14:35.768Z", "Citizen": 10, "Method": "GET", "Object": "Service", "RecordId": "98eaa46819a54960929ae448cfc28783", "IpAddress": "127.0.0.1", "Message": "Accessed Service: uz_service1"}}, {"model": "core.abstractlogmodel", "pk": 23, "fields": {"PublicId": "dc0e37bd-c28d-4d54-bd71-ffdcd91c1fd5", "Created": "2025-05-22T09:14:35.856Z", "Updated": "2025-05-22T09:14:35.856Z", "Citizen": 10, "Method": "GET", "Object": "Service", "RecordId": "98eaa46819a54960929ae448cfc28783", "IpAddress": "127.0.0.1", "Message": "Accessed Service: uz_service1"}}, {"model": "core.abstractlogmodel", "pk": 24, "fields": {"PublicId": "f9033f8d-1f60-4b67-8d35-0225f3751912", "Created": "2025-05-22T09:14:36.161Z", "Updated": "2025-05-22T09:14:36.161Z", "Citizen": 10, "Method": "GET", "Object": "Service", "RecordId": "98eaa46819a54960929ae448cfc28783", "IpAddress": "127.0.0.1", "Message": "Accessed Service: uz_service1"}}, {"model": "core.abstractlogmodel", "pk": 25, "fields": {"PublicId": "a3abfb38-48b9-4346-b136-dc3c8c3962fd", "Created": "2025-05-22T09:14:36.261Z", "Updated": "2025-05-22T09:14:36.261Z", "Citizen": 10, "Method": "GET", "Object": "Service", "RecordId": "98eaa46819a54960929ae448cfc28783", "IpAddress": "127.0.0.1", "Message": "Accessed Service: uz_service1"}}, {"model": "core.abstractlogmodel", "pk": 26, "fields": {"PublicId": "06ceaf0b-044e-4810-a9f1-d622d0f7f8e2", "Created": "2025-05-22T09:14:36.874Z", "Updated": "2025-05-22T09:14:36.874Z", "Citizen": 10, "Method": "GET", "Object": "Service", "RecordId": "98eaa46819a54960929ae448cfc28783", "IpAddress": "127.0.0.1", "Message": "Accessed Service: uz_service1"}}, {"model": "core.abstractlogmodel", "pk": 27, "fields": {"PublicId": "07bfd1b7-8c1e-47a1-b139-04f3370dd247", "Created": "2025-05-22T09:14:37.039Z", "Updated": "2025-05-22T09:14:37.039Z", "Citizen": 10, "Method": "GET", "Object": "Service", "RecordId": "98eaa46819a54960929ae448cfc28783", "IpAddress": "127.0.0.1", "Message": "Accessed Service: uz_service1"}}, {"model": "core.abstractlogmodel", "pk": 28, "fields": {"PublicId": "e1ec9f9c-785c-4a3d-b473-b19078c6641a", "Created": "2025-05-22T09:14:39.206Z", "Updated": "2025-05-22T09:14:39.206Z", "Citizen": 10, "Method": "GET", "Object": "Service", "RecordId": "98eaa46819a54960929ae448cfc28783", "IpAddress": "127.0.0.1", "Message": "Accessed Service: uz_service1"}}, {"model": "core.abstractlogmodel", "pk": 29, "fields": {"PublicId": "2c90fd5f-7c09-4a27-9859-9d0523ffa5c3", "Created": "2025-05-22T09:14:39.693Z", "Updated": "2025-05-22T09:14:39.693Z", "Citizen": 10, "Method": "GET", "Object": "Service", "RecordId": "98eaa46819a54960929ae448cfc28783", "IpAddress": "127.0.0.1", "Message": "Accessed Service: uz_service1"}}, {"model": "core.abstractlogmodel", "pk": 30, "fields": {"PublicId": "5a3066a2-e78c-4982-ae5f-5e0f7f296f08", "Created": "2025-05-22T09:14:40.124Z", "Updated": "2025-05-22T09:14:40.124Z", "Citizen": 10, "Method": "GET", "Object": "Service", "RecordId": "98eaa46819a54960929ae448cfc28783", "IpAddress": "127.0.0.1", "Message": "Accessed Service: uz_service1"}}, {"model": "core.abstractlogmodel", "pk": 31, "fields": {"PublicId": "0a8fe76d-05c2-4e13-a33e-e8673ee9a8d5", "Created": "2025-05-22T09:14:40.530Z", "Updated": "2025-05-22T09:14:40.530Z", "Citizen": 10, "Method": "GET", "Object": "Service", "RecordId": "98eaa46819a54960929ae448cfc28783", "IpAddress": "127.0.0.1", "Message": "Accessed Service: uz_service1"}}, {"model": "core.abstractlogmodel", "pk": 32, "fields": {"PublicId": "64979156-3faf-487f-88ee-cd43bece65d9", "Created": "2025-05-22T09:14:41.088Z", "Updated": "2025-05-22T09:14:41.088Z", "Citizen": 10, "Method": "GET", "Object": "Service", "RecordId": "98eaa46819a54960929ae448cfc28783", "IpAddress": "127.0.0.1", "Message": "Accessed Service: uz_service1"}}, {"model": "core.abstractlogmodel", "pk": 33, "fields": {"PublicId": "c73c0af9-e795-4658-818f-cf51efd0cb89", "Created": "2025-05-22T09:14:52.116Z", "Updated": "2025-05-22T09:14:52.116Z", "Citizen": 10, "Method": "GET", "Object": "Service", "RecordId": "98eaa46819a54960929ae448cfc28783", "IpAddress": "127.0.0.1", "Message": "Accessed Service: uz_service1"}}, {"model": "core.abstractlogmodel", "pk": 34, "fields": {"PublicId": "1c8fcd25-c57e-4d88-9d63-43ce334ecf4a", "Created": "2025-05-22T09:14:53.853Z", "Updated": "2025-05-22T09:14:53.853Z", "Citizen": 10, "Method": "GET", "Object": "Service", "RecordId": "98eaa46819a54960929ae448cfc28783", "IpAddress": "127.0.0.1", "Message": "Accessed Service: uz_service1"}}, {"model": "core.abstractlogmodel", "pk": 35, "fields": {"PublicId": "2423c91e-39ba-422a-a980-355fa6ea227d", "Created": "2025-05-22T09:14:54.075Z", "Updated": "2025-05-22T09:14:54.075Z", "Citizen": 10, "Method": "GET", "Object": "Service", "RecordId": "98eaa46819a54960929ae448cfc28783", "IpAddress": "127.0.0.1", "Message": "Accessed Service: uz_service1"}}, {"model": "core.abstractlogmodel", "pk": 36, "fields": {"PublicId": "87fd6635-19c8-45d1-aec3-718421065a6a", "Created": "2025-05-22T09:14:54.283Z", "Updated": "2025-05-22T09:14:54.283Z", "Citizen": 10, "Method": "GET", "Object": "Service", "RecordId": "98eaa46819a54960929ae448cfc28783", "IpAddress": "127.0.0.1", "Message": "Accessed Service: uz_service1"}}, {"model": "core.abstractlogmodel", "pk": 37, "fields": {"PublicId": "c43bfa10-6e40-4d15-adee-3f8aeb789fe8", "Created": "2025-05-22T09:14:54.395Z", "Updated": "2025-05-22T09:14:54.395Z", "Citizen": 10, "Method": "GET", "Object": "Service", "RecordId": "98eaa46819a54960929ae448cfc28783", "IpAddress": "127.0.0.1", "Message": "Accessed Service: uz_service1"}}, {"model": "core.abstractlogmodel", "pk": 38, "fields": {"PublicId": "8ce15cee-ee96-40dc-8393-3f1d07133be1", "Created": "2025-05-22T09:14:54.453Z", "Updated": "2025-05-22T09:14:54.453Z", "Citizen": 10, "Method": "GET", "Object": "Service", "RecordId": "98eaa46819a54960929ae448cfc28783", "IpAddress": "127.0.0.1", "Message": "Accessed Service: uz_service1"}}, {"model": "core.abstractlogmodel", "pk": 39, "fields": {"PublicId": "a3b0b092-0785-464a-87c0-37faf718eda5", "Created": "2025-05-22T09:14:55.186Z", "Updated": "2025-05-22T09:14:55.186Z", "Citizen": 10, "Method": "GET", "Object": "Service", "RecordId": "98eaa46819a54960929ae448cfc28783", "IpAddress": "127.0.0.1", "Message": "Accessed Service: uz_service1"}}, {"model": "core.abstractlogmodel", "pk": 40, "fields": {"PublicId": "f00aab57-3355-441e-ae2e-7965ad4f7070", "Created": "2025-05-22T09:14:55.242Z", "Updated": "2025-05-22T09:14:55.243Z", "Citizen": 10, "Method": "GET", "Object": "Service", "RecordId": "98eaa46819a54960929ae448cfc28783", "IpAddress": "127.0.0.1", "Message": "Accessed Service: uz_service1"}}, {"model": "core.abstractlogmodel", "pk": 41, "fields": {"PublicId": "ec999d42-ad4b-44fa-9a54-744db79d25ab", "Created": "2025-05-22T09:14:55.431Z", "Updated": "2025-05-22T09:14:55.431Z", "Citizen": 10, "Method": "GET", "Object": "Service", "RecordId": "98eaa46819a54960929ae448cfc28783", "IpAddress": "127.0.0.1", "Message": "Accessed Service: uz_service1"}}, {"model": "core.abstractlogmodel", "pk": 42, "fields": {"PublicId": "b4807cbe-f8d1-437b-b2d9-7d9fb6ca4162", "Created": "2025-05-22T09:14:56.240Z", "Updated": "2025-05-22T09:14:56.240Z", "Citizen": 10, "Method": "GET", "Object": "Service", "RecordId": "98eaa46819a54960929ae448cfc28783", "IpAddress": "127.0.0.1", "Message": "Accessed Service: uz_service1"}}, {"model": "core.abstractlogmodel", "pk": 43, "fields": {"PublicId": "f398840f-b660-4fc3-90c0-8212c9ea538d", "Created": "2025-05-22T09:14:56.758Z", "Updated": "2025-05-22T09:14:56.758Z", "Citizen": 10, "Method": "GET", "Object": "Service", "RecordId": "98eaa46819a54960929ae448cfc28783", "IpAddress": "127.0.0.1", "Message": "Accessed Service: uz_service1"}}, {"model": "core.abstractlogmodel", "pk": 44, "fields": {"PublicId": "8abbcf05-49f4-4fd3-b9e0-f3dd1aeacbbd", "Created": "2025-05-22T09:14:57.236Z", "Updated": "2025-05-22T09:14:57.236Z", "Citizen": 10, "Method": "GET", "Object": "Service", "RecordId": "98eaa46819a54960929ae448cfc28783", "IpAddress": "127.0.0.1", "Message": "Accessed Service: uz_service1"}}, {"model": "core.abstractlogmodel", "pk": 45, "fields": {"PublicId": "01549185-4999-44fe-a5eb-74cdb3d6f47d", "Created": "2025-05-22T09:14:57.619Z", "Updated": "2025-05-22T09:14:57.619Z", "Citizen": 10, "Method": "GET", "Object": "Service", "RecordId": "98eaa46819a54960929ae448cfc28783", "IpAddress": "127.0.0.1", "Message": "Accessed Service: uz_service1"}}, {"model": "core.abstractlogmodel", "pk": 46, "fields": {"PublicId": "937ff596-db37-4876-b53c-da94b3810c53", "Created": "2025-05-22T09:14:58.018Z", "Updated": "2025-05-22T09:14:58.018Z", "Citizen": 10, "Method": "GET", "Object": "Service", "RecordId": "98eaa46819a54960929ae448cfc28783", "IpAddress": "127.0.0.1", "Message": "Accessed Service: uz_service1"}}, {"model": "core.abstractlogmodel", "pk": 47, "fields": {"PublicId": "d359e66e-88be-4dea-b2fd-5e652324a750", "Created": "2025-05-22T09:14:58.454Z", "Updated": "2025-05-22T09:14:58.454Z", "Citizen": 10, "Method": "GET", "Object": "Service", "RecordId": "98eaa46819a54960929ae448cfc28783", "IpAddress": "127.0.0.1", "Message": "Accessed Service: uz_service1"}}, {"model": "core.abstractlogmodel", "pk": 48, "fields": {"PublicId": "9edaffd7-facf-416b-93b2-7e10cf4a363a", "Created": "2025-05-22T09:15:15.530Z", "Updated": "2025-05-22T09:15:15.530Z", "Citizen": 10, "Method": "GET", "Object": "Service", "RecordId": "98eaa46819a54960929ae448cfc28783", "IpAddress": "127.0.0.1", "Message": "Accessed Service: uz_service1"}}, {"model": "core.abstractlogmodel", "pk": 49, "fields": {"PublicId": "c0d99ae1-7e61-48e0-934d-c4d175367218", "Created": "2025-05-22T09:15:23.286Z", "Updated": "2025-05-22T09:15:23.286Z", "Citizen": 10, "Method": "GET", "Object": "Service", "RecordId": "98eaa46819a54960929ae448cfc28783", "IpAddress": "127.0.0.1", "Message": "Accessed Service: uz_service1"}}, {"model": "core.abstractlogmodel", "pk": 50, "fields": {"PublicId": "91a99fa7-4f8e-4cbc-aa87-2ce67f460376", "Created": "2025-05-22T09:15:25.901Z", "Updated": "2025-05-22T09:15:25.901Z", "Citizen": 10, "Method": "GET", "Object": "Service", "RecordId": "98eaa46819a54960929ae448cfc28783", "IpAddress": "127.0.0.1", "Message": "Accessed Service: uz_service1"}}, {"model": "core.abstractlogmodel", "pk": 51, "fields": {"PublicId": "b220acc1-cc3e-4676-9118-a859d28e0b02", "Created": "2025-05-22T09:15:26.179Z", "Updated": "2025-05-22T09:15:26.179Z", "Citizen": 10, "Method": "GET", "Object": "Service", "RecordId": "98eaa46819a54960929ae448cfc28783", "IpAddress": "127.0.0.1", "Message": "Accessed Service: uz_service1"}}, {"model": "core.abstractlogmodel", "pk": 52, "fields": {"PublicId": "861a21de-b517-41c7-8f72-aed6f6ff5e38", "Created": "2025-05-22T09:15:26.262Z", "Updated": "2025-05-22T09:15:26.262Z", "Citizen": 10, "Method": "GET", "Object": "Service", "RecordId": "98eaa46819a54960929ae448cfc28783", "IpAddress": "127.0.0.1", "Message": "Accessed Service: uz_service1"}}, {"model": "core.abstractlogmodel", "pk": 53, "fields": {"PublicId": "acea4709-2b2d-4808-95d1-ea074c787f13", "Created": "2025-05-22T09:15:26.434Z", "Updated": "2025-05-22T09:15:26.434Z", "Citizen": 10, "Method": "GET", "Object": "Service", "RecordId": "98eaa46819a54960929ae448cfc28783", "IpAddress": "127.0.0.1", "Message": "Accessed Service: uz_service1"}}, {"model": "core.abstractlogmodel", "pk": 54, "fields": {"PublicId": "a29ec9f4-edca-4270-995f-e8dc0721a287", "Created": "2025-05-22T09:15:26.786Z", "Updated": "2025-05-22T09:15:26.786Z", "Citizen": 10, "Method": "GET", "Object": "Service", "RecordId": "98eaa46819a54960929ae448cfc28783", "IpAddress": "127.0.0.1", "Message": "Accessed Service: uz_service1"}}, {"model": "core.abstractlogmodel", "pk": 55, "fields": {"PublicId": "0cf0022e-93d3-46ea-a26b-f1b6c36d2825", "Created": "2025-05-22T09:15:27.992Z", "Updated": "2025-05-22T09:15:27.992Z", "Citizen": 10, "Method": "GET", "Object": "Service", "RecordId": "98eaa46819a54960929ae448cfc28783", "IpAddress": "127.0.0.1", "Message": "Accessed Service: uz_service1"}}, {"model": "core.abstractlogmodel", "pk": 56, "fields": {"PublicId": "e1398d0b-a73e-4b74-a208-3009f9d55ce5", "Created": "2025-05-22T09:15:29.248Z", "Updated": "2025-05-22T09:15:29.248Z", "Citizen": 10, "Method": "GET", "Object": "Service", "RecordId": "98eaa46819a54960929ae448cfc28783", "IpAddress": "127.0.0.1", "Message": "Accessed Service: uz_service1"}}, {"model": "core.abstractlogmodel", "pk": 57, "fields": {"PublicId": "92b34a26-c46c-4136-8ab0-a682c26e90ef", "Created": "2025-05-22T09:15:30.186Z", "Updated": "2025-05-22T09:15:30.186Z", "Citizen": 10, "Method": "GET", "Object": "Service", "RecordId": "98eaa46819a54960929ae448cfc28783", "IpAddress": "127.0.0.1", "Message": "Accessed Service: uz_service1"}}, {"model": "core.abstractlogmodel", "pk": 58, "fields": {"PublicId": "9b46b7f7-3e21-4942-b51d-f42dead43df4", "Created": "2025-05-22T09:15:31.798Z", "Updated": "2025-05-22T09:15:31.798Z", "Citizen": 10, "Method": "GET", "Object": "Service", "RecordId": "98eaa46819a54960929ae448cfc28783", "IpAddress": "127.0.0.1", "Message": "Accessed Service: uz_service1"}}, {"model": "core.abstractlogmodel", "pk": 59, "fields": {"PublicId": "7b9777f7-3edd-4c4f-94c5-7519d26c0423", "Created": "2025-05-22T09:15:34.982Z", "Updated": "2025-05-22T09:15:34.982Z", "Citizen": 10, "Method": "GET", "Object": "Service", "RecordId": "98eaa46819a54960929ae448cfc28783", "IpAddress": "127.0.0.1", "Message": "Accessed Service: uz_service1"}}, {"model": "core.abstractlogmodel", "pk": 60, "fields": {"PublicId": "996ea2d3-dd41-46e4-ab5f-4114a0b02841", "Created": "2025-05-22T09:15:37.614Z", "Updated": "2025-05-22T09:15:37.614Z", "Citizen": 10, "Method": "GET", "Object": "Service", "RecordId": "98eaa46819a54960929ae448cfc28783", "IpAddress": "127.0.0.1", "Message": "Accessed Service: uz_service1"}}, {"model": "core.abstractlogmodel", "pk": 61, "fields": {"PublicId": "c7398ddb-4e6e-401f-a15c-49800460c8e6", "Created": "2025-05-22T09:15:41.643Z", "Updated": "2025-05-22T09:15:41.643Z", "Citizen": 10, "Method": "GET", "Object": "Service", "RecordId": "98eaa46819a54960929ae448cfc28783", "IpAddress": "127.0.0.1", "Message": "Accessed Service: uz_service1"}}, {"model": "core.abstractlogmodel", "pk": 62, "fields": {"PublicId": "8c09f085-5235-4efc-bb65-4d7e61a621c2", "Created": "2025-05-22T09:16:06.692Z", "Updated": "2025-05-22T09:16:06.692Z", "Citizen": 10, "Method": "GET", "Object": "Service", "RecordId": "98eaa46819a54960929ae448cfc28783", "IpAddress": "127.0.0.1", "Message": "Accessed Service: uz_service1"}}, {"model": "core.abstractlogmodel", "pk": 63, "fields": {"PublicId": "e9e13279-3026-4682-ba03-ba1a290302fa", "Created": "2025-05-22T09:16:09.000Z", "Updated": "2025-05-22T09:16:09.000Z", "Citizen": 10, "Method": "GET", "Object": "Service", "RecordId": "98eaa46819a54960929ae448cfc28783", "IpAddress": "127.0.0.1", "Message": "Accessed Service: uz_service1"}}, {"model": "core.abstractlogmodel", "pk": 64, "fields": {"PublicId": "11369b3d-549b-460a-b30e-fa05c3f8ceab", "Created": "2025-05-22T09:16:09.050Z", "Updated": "2025-05-22T09:16:09.050Z", "Citizen": 10, "Method": "GET", "Object": "Service", "RecordId": "98eaa46819a54960929ae448cfc28783", "IpAddress": "127.0.0.1", "Message": "Accessed Service: uz_service1"}}, {"model": "core.abstractlogmodel", "pk": 65, "fields": {"PublicId": "27cdb353-ee79-40ae-99de-5b2b39a311bd", "Created": "2025-05-22T09:16:09.131Z", "Updated": "2025-05-22T09:16:09.131Z", "Citizen": 10, "Method": "GET", "Object": "Service", "RecordId": "98eaa46819a54960929ae448cfc28783", "IpAddress": "127.0.0.1", "Message": "Accessed Service: uz_service1"}}, {"model": "core.abstractlogmodel", "pk": 66, "fields": {"PublicId": "24f85b9a-2abd-446e-bfbb-692dffcd4e29", "Created": "2025-05-22T09:16:09.358Z", "Updated": "2025-05-22T09:16:09.358Z", "Citizen": 10, "Method": "GET", "Object": "Service", "RecordId": "98eaa46819a54960929ae448cfc28783", "IpAddress": "127.0.0.1", "Message": "Accessed Service: uz_service1"}}, {"model": "core.abstractlogmodel", "pk": 67, "fields": {"PublicId": "47e6acc3-fa78-4b79-9197-b14b45f28b76", "Created": "2025-05-22T09:16:09.450Z", "Updated": "2025-05-22T09:16:09.450Z", "Citizen": 10, "Method": "GET", "Object": "Service", "RecordId": "98eaa46819a54960929ae448cfc28783", "IpAddress": "127.0.0.1", "Message": "Accessed Service: uz_service1"}}, {"model": "core.abstractlogmodel", "pk": 68, "fields": {"PublicId": "5a77c34a-f62b-4fba-b39e-2fd925ac926a", "Created": "2025-05-22T09:16:10.533Z", "Updated": "2025-05-22T09:16:10.533Z", "Citizen": 10, "Method": "GET", "Object": "Service", "RecordId": "98eaa46819a54960929ae448cfc28783", "IpAddress": "127.0.0.1", "Message": "Accessed Service: uz_service1"}}, {"model": "core.abstractlogmodel", "pk": 69, "fields": {"PublicId": "d8cc2f8e-b025-4477-a4f0-31543109322a", "Created": "2025-05-22T09:16:11.056Z", "Updated": "2025-05-22T09:16:11.056Z", "Citizen": 10, "Method": "GET", "Object": "Service", "RecordId": "98eaa46819a54960929ae448cfc28783", "IpAddress": "127.0.0.1", "Message": "Accessed Service: uz_service1"}}, {"model": "core.abstractlogmodel", "pk": 70, "fields": {"PublicId": "cb1e4e01-1cb5-441f-b575-eefd69091973", "Created": "2025-05-22T09:16:11.549Z", "Updated": "2025-05-22T09:16:11.549Z", "Citizen": 10, "Method": "GET", "Object": "Service", "RecordId": "98eaa46819a54960929ae448cfc28783", "IpAddress": "127.0.0.1", "Message": "Accessed Service: uz_service1"}}, {"model": "core.abstractlogmodel", "pk": 71, "fields": {"PublicId": "68d080f4-bf46-4801-9aeb-ff1b2a27e6ed", "Created": "2025-05-22T09:16:12.040Z", "Updated": "2025-05-22T09:16:12.040Z", "Citizen": 10, "Method": "GET", "Object": "Service", "RecordId": "98eaa46819a54960929ae448cfc28783", "IpAddress": "127.0.0.1", "Message": "Accessed Service: uz_service1"}}, {"model": "core.abstractlogmodel", "pk": 72, "fields": {"PublicId": "e2341e8b-fdb4-4a39-b4cb-b1654cae86d8", "Created": "2025-05-22T09:16:12.579Z", "Updated": "2025-05-22T09:16:12.579Z", "Citizen": 10, "Method": "GET", "Object": "Service", "RecordId": "98eaa46819a54960929ae448cfc28783", "IpAddress": "127.0.0.1", "Message": "Accessed Service: uz_service1"}}, {"model": "core.abstractlogmodel", "pk": 73, "fields": {"PublicId": "2d8cb0eb-656e-4168-8569-10028f4c92f3", "Created": "2025-05-22T09:16:19.996Z", "Updated": "2025-05-22T09:16:19.996Z", "Citizen": 10, "Method": "GET", "Object": "Service", "RecordId": "98eaa46819a54960929ae448cfc28783", "IpAddress": "127.0.0.1", "Message": "Accessed Service: uz_service1"}}, {"model": "core.abstractlogmodel", "pk": 74, "fields": {"PublicId": "34b7a8de-15cd-41c9-99d3-68cca926c6be", "Created": "2025-05-22T09:16:21.668Z", "Updated": "2025-05-22T09:16:21.668Z", "Citizen": 10, "Method": "GET", "Object": "Service", "RecordId": "98eaa46819a54960929ae448cfc28783", "IpAddress": "127.0.0.1", "Message": "Accessed Service: uz_service1"}}, {"model": "core.abstractlogmodel", "pk": 75, "fields": {"PublicId": "c4296526-cd32-4fa7-8bbb-a9de3ff737dc", "Created": "2025-05-22T09:16:21.838Z", "Updated": "2025-05-22T09:16:21.838Z", "Citizen": 10, "Method": "GET", "Object": "Service", "RecordId": "98eaa46819a54960929ae448cfc28783", "IpAddress": "127.0.0.1", "Message": "Accessed Service: uz_service1"}}, {"model": "core.abstractlogmodel", "pk": 76, "fields": {"PublicId": "f8f135f1-7eb2-465a-bbf5-d071f3525d25", "Created": "2025-05-22T09:16:22.550Z", "Updated": "2025-05-22T09:16:22.550Z", "Citizen": 10, "Method": "GET", "Object": "Service", "RecordId": "98eaa46819a54960929ae448cfc28783", "IpAddress": "127.0.0.1", "Message": "Accessed Service: uz_service1"}}, {"model": "core.abstractlogmodel", "pk": 77, "fields": {"PublicId": "d279b0ff-0de2-4d34-9fa1-615c50ab7c75", "Created": "2025-05-22T09:16:22.936Z", "Updated": "2025-05-22T09:16:22.936Z", "Citizen": 10, "Method": "GET", "Object": "Service", "RecordId": "98eaa46819a54960929ae448cfc28783", "IpAddress": "127.0.0.1", "Message": "Accessed Service: uz_service1"}}, {"model": "core.abstractlogmodel", "pk": 78, "fields": {"PublicId": "3276ae14-6403-4e60-bd7a-208385714b5a", "Created": "2025-05-22T09:16:23.300Z", "Updated": "2025-05-22T09:16:23.300Z", "Citizen": 10, "Method": "GET", "Object": "Service", "RecordId": "98eaa46819a54960929ae448cfc28783", "IpAddress": "127.0.0.1", "Message": "Accessed Service: uz_service1"}}, {"model": "core.abstractlogmodel", "pk": 79, "fields": {"PublicId": "52798c04-b2a8-4dcb-8159-21f0e603e320", "Created": "2025-05-22T09:16:23.913Z", "Updated": "2025-05-22T09:16:23.913Z", "Citizen": 10, "Method": "GET", "Object": "Service", "RecordId": "98eaa46819a54960929ae448cfc28783", "IpAddress": "127.0.0.1", "Message": "Accessed Service: uz_service1"}}, {"model": "core.abstractlogmodel", "pk": 80, "fields": {"PublicId": "afc09545-9ecb-4720-a2cf-462733c406c8", "Created": "2025-05-22T09:16:24.426Z", "Updated": "2025-05-22T09:16:24.426Z", "Citizen": 10, "Method": "GET", "Object": "Service", "RecordId": "98eaa46819a54960929ae448cfc28783", "IpAddress": "127.0.0.1", "Message": "Accessed Service: uz_service1"}}, {"model": "core.abstractlogmodel", "pk": 81, "fields": {"PublicId": "8c3c8378-8f98-4f29-9874-cc2cdde8efcc", "Created": "2025-05-22T09:55:30.442Z", "Updated": "2025-05-22T09:55:30.442Z", "Citizen": 10, "Method": "GET", "Object": "Service", "RecordId": "98eaa46819a54960929ae448cfc28783", "IpAddress": "127.0.0.1", "Message": "Accessed Service: uz_service1"}}, {"model": "core.abstractlogmodel", "pk": 82, "fields": {"PublicId": "88bd2a86-750d-4c90-a0e2-c376e53fa659", "Created": "2025-05-22T10:23:13.747Z", "Updated": "2025-05-22T10:23:13.747Z", "Citizen": 10, "Method": "GET", "Object": "Service", "RecordId": "98eaa46819a54960929ae448cfc28783", "IpAddress": "127.0.0.1", "Message": "Accessed Service: uz_service1"}}, {"model": "core.abstractlogmodel", "pk": 83, "fields": {"PublicId": "101f7d36-8339-484d-acb3-f89b321ff64a", "Created": "2025-05-22T10:23:15.514Z", "Updated": "2025-05-22T10:23:15.514Z", "Citizen": 10, "Method": "GET", "Object": "Service", "RecordId": "98eaa46819a54960929ae448cfc28783", "IpAddress": "127.0.0.1", "Message": "Accessed Service: uz_service1"}}, {"model": "core.abstractlogmodel", "pk": 84, "fields": {"PublicId": "a36573bf-71c6-48af-8419-6b5449c28f1d", "Created": "2025-05-22T10:23:15.524Z", "Updated": "2025-05-22T10:23:15.524Z", "Citizen": 10, "Method": "GET", "Object": "Service", "RecordId": "98eaa46819a54960929ae448cfc28783", "IpAddress": "127.0.0.1", "Message": "Accessed Service: uz_service1"}}, {"model": "core.abstractlogmodel", "pk": 85, "fields": {"PublicId": "c606334a-cd94-4a6f-82ce-9dba746974ac", "Created": "2025-05-22T10:23:16.379Z", "Updated": "2025-05-22T10:23:16.379Z", "Citizen": 10, "Method": "GET", "Object": "Service", "RecordId": "98eaa46819a54960929ae448cfc28783", "IpAddress": "127.0.0.1", "Message": "Accessed Service: uz_service1"}}, {"model": "core.abstractlogmodel", "pk": 86, "fields": {"PublicId": "cb381721-3aec-4f00-ae07-9a30f3a904ee", "Created": "2025-05-22T10:23:17.110Z", "Updated": "2025-05-22T10:23:17.110Z", "Citizen": 10, "Method": "GET", "Object": "Service", "RecordId": "98eaa46819a54960929ae448cfc28783", "IpAddress": "127.0.0.1", "Message": "Accessed Service: uz_service1"}}, {"model": "core.abstractlogmodel", "pk": 87, "fields": {"PublicId": "7086fae5-a5dd-4606-9d9f-b45b00389d85", "Created": "2025-05-22T10:23:18.149Z", "Updated": "2025-05-22T10:23:18.149Z", "Citizen": 10, "Method": "GET", "Object": "Service", "RecordId": "98eaa46819a54960929ae448cfc28783", "IpAddress": "127.0.0.1", "Message": "Accessed Service: uz_service1"}}, {"model": "core.abstractlogmodel", "pk": 88, "fields": {"PublicId": "72d4fcf7-4251-49c9-9a80-296fbd03249a", "Created": "2025-05-22T10:23:18.765Z", "Updated": "2025-05-22T10:23:18.765Z", "Citizen": 10, "Method": "GET", "Object": "Service", "RecordId": "98eaa46819a54960929ae448cfc28783", "IpAddress": "127.0.0.1", "Message": "Accessed Service: uz_service1"}}, {"model": "core.abstractlogmodel", "pk": 89, "fields": {"PublicId": "02cd03c6-14fc-4704-a50b-bafd569c302f", "Created": "2025-05-22T10:23:19.293Z", "Updated": "2025-05-22T10:23:19.293Z", "Citizen": 10, "Method": "GET", "Object": "Service", "RecordId": "98eaa46819a54960929ae448cfc28783", "IpAddress": "127.0.0.1", "Message": "Accessed Service: uz_service1"}}, {"model": "core.abstractlogmodel", "pk": 90, "fields": {"PublicId": "6e25df54-1bca-4f56-9888-2a781a6b8d59", "Created": "2025-05-22T10:23:36.368Z", "Updated": "2025-05-22T10:23:36.368Z", "Citizen": 10, "Method": "GET", "Object": "Service", "RecordId": "98eaa46819a54960929ae448cfc28783", "IpAddress": "127.0.0.1", "Message": "Accessed Service: uz_service1"}}, {"model": "core.abstractlogmodel", "pk": 91, "fields": {"PublicId": "2e18c06b-e2ac-4b6f-bda6-a3dce10df567", "Created": "2025-05-22T10:23:37.917Z", "Updated": "2025-05-22T10:23:37.917Z", "Citizen": 10, "Method": "GET", "Object": "Service", "RecordId": "98eaa46819a54960929ae448cfc28783", "IpAddress": "127.0.0.1", "Message": "Accessed Service: uz_service1"}}, {"model": "core.abstractlogmodel", "pk": 92, "fields": {"PublicId": "a69feadd-8858-46af-88f3-6fdf52b053a1", "Created": "2025-05-22T10:23:38.007Z", "Updated": "2025-05-22T10:23:38.007Z", "Citizen": 10, "Method": "GET", "Object": "Service", "RecordId": "98eaa46819a54960929ae448cfc28783", "IpAddress": "127.0.0.1", "Message": "Accessed Service: uz_service1"}}, {"model": "core.abstractlogmodel", "pk": 93, "fields": {"PublicId": "8c9e7f63-8ee7-495e-a69a-0434f6a2051b", "Created": "2025-05-22T10:23:38.933Z", "Updated": "2025-05-22T10:23:38.933Z", "Citizen": 10, "Method": "GET", "Object": "Service", "RecordId": "98eaa46819a54960929ae448cfc28783", "IpAddress": "127.0.0.1", "Message": "Accessed Service: uz_service1"}}, {"model": "core.abstractlogmodel", "pk": 94, "fields": {"PublicId": "46005b0c-4c74-4720-9b96-e733bc2446f6", "Created": "2025-05-22T10:23:39.463Z", "Updated": "2025-05-22T10:23:39.463Z", "Citizen": 10, "Method": "GET", "Object": "Service", "RecordId": "98eaa46819a54960929ae448cfc28783", "IpAddress": "127.0.0.1", "Message": "Accessed Service: uz_service1"}}, {"model": "core.abstractlogmodel", "pk": 95, "fields": {"PublicId": "b8bf645b-c7d0-4ed2-b6c6-c80400940a00", "Created": "2025-05-22T10:23:40.028Z", "Updated": "2025-05-22T10:23:40.028Z", "Citizen": 10, "Method": "GET", "Object": "Service", "RecordId": "98eaa46819a54960929ae448cfc28783", "IpAddress": "127.0.0.1", "Message": "Accessed Service: uz_service1"}}, {"model": "core.abstractlogmodel", "pk": 96, "fields": {"PublicId": "5d46d159-8e66-4c12-9e63-0ce411361a57", "Created": "2025-05-22T10:23:40.530Z", "Updated": "2025-05-22T10:23:40.530Z", "Citizen": 10, "Method": "GET", "Object": "Service", "RecordId": "98eaa46819a54960929ae448cfc28783", "IpAddress": "127.0.0.1", "Message": "Accessed Service: uz_service1"}}, {"model": "core.abstractlogmodel", "pk": 97, "fields": {"PublicId": "812d2257-3bb0-4d68-8fa5-6b205d4c54da", "Created": "2025-05-22T10:23:41.096Z", "Updated": "2025-05-22T10:23:41.096Z", "Citizen": 10, "Method": "GET", "Object": "Service", "RecordId": "98eaa46819a54960929ae448cfc28783", "IpAddress": "127.0.0.1", "Message": "Accessed Service: uz_service1"}}, {"model": "core.abstractlogmodel", "pk": 98, "fields": {"PublicId": "06b1d651-a987-466a-b9af-e62a25c2571b", "Created": "2025-05-22T10:24:21.068Z", "Updated": "2025-05-22T10:24:21.068Z", "Citizen": 10, "Method": "GET", "Object": "Service", "RecordId": "98eaa46819a54960929ae448cfc28783", "IpAddress": "127.0.0.1", "Message": "Accessed Service: uz_service1"}}, {"model": "core.abstractlogmodel", "pk": 99, "fields": {"PublicId": "5b91026d-ce86-4a3d-b5f4-f560d5e1e9a9", "Created": "2025-05-22T10:24:23.018Z", "Updated": "2025-05-22T10:24:23.018Z", "Citizen": 10, "Method": "GET", "Object": "Service", "RecordId": "98eaa46819a54960929ae448cfc28783", "IpAddress": "127.0.0.1", "Message": "Accessed Service: uz_service1"}}, {"model": "core.abstractlogmodel", "pk": 100, "fields": {"PublicId": "2757f237-9ce9-4c74-a8c8-eb94c13a884d", "Created": "2025-05-22T10:24:23.336Z", "Updated": "2025-05-22T10:24:23.336Z", "Citizen": 10, "Method": "GET", "Object": "Service", "RecordId": "98eaa46819a54960929ae448cfc28783", "IpAddress": "127.0.0.1", "Message": "Accessed Service: uz_service1"}}, {"model": "core.abstractlogmodel", "pk": 101, "fields": {"PublicId": "c81d5ea4-69bc-4adb-8c6b-26d0522f5b42", "Created": "2025-05-22T10:24:23.480Z", "Updated": "2025-05-22T10:24:23.480Z", "Citizen": 10, "Method": "GET", "Object": "Service", "RecordId": "98eaa46819a54960929ae448cfc28783", "IpAddress": "127.0.0.1", "Message": "Accessed Service: uz_service1"}}, {"model": "core.abstractlogmodel", "pk": 102, "fields": {"PublicId": "8a2b25b5-1dc4-4498-ad1d-066c1dbe7eba", "Created": "2025-05-22T10:24:23.598Z", "Updated": "2025-05-22T10:24:23.598Z", "Citizen": 10, "Method": "GET", "Object": "Service", "RecordId": "98eaa46819a54960929ae448cfc28783", "IpAddress": "127.0.0.1", "Message": "Accessed Service: uz_service1"}}, {"model": "core.abstractlogmodel", "pk": 103, "fields": {"PublicId": "bde42333-6602-4c99-81cc-e7060213b55c", "Created": "2025-05-22T10:24:23.706Z", "Updated": "2025-05-22T10:24:23.706Z", "Citizen": 10, "Method": "GET", "Object": "Service", "RecordId": "98eaa46819a54960929ae448cfc28783", "IpAddress": "127.0.0.1", "Message": "Accessed Service: uz_service1"}}, {"model": "core.abstractlogmodel", "pk": 104, "fields": {"PublicId": "c322a9fd-c85c-431c-8a81-b25ac628a396", "Created": "2025-05-22T10:24:24.818Z", "Updated": "2025-05-22T10:24:24.818Z", "Citizen": 10, "Method": "GET", "Object": "Service", "RecordId": "98eaa46819a54960929ae448cfc28783", "IpAddress": "127.0.0.1", "Message": "Accessed Service: uz_service1"}}, {"model": "core.abstractlogmodel", "pk": 105, "fields": {"PublicId": "bd48974c-b6ee-4398-aa4b-525f329cd9f2", "Created": "2025-05-22T10:24:25.467Z", "Updated": "2025-05-22T10:24:25.467Z", "Citizen": 10, "Method": "GET", "Object": "Service", "RecordId": "98eaa46819a54960929ae448cfc28783", "IpAddress": "127.0.0.1", "Message": "Accessed Service: uz_service1"}}, {"model": "core.abstractlogmodel", "pk": 106, "fields": {"PublicId": "8afc2a01-7d44-4f9c-8702-181ab2b80664", "Created": "2025-05-22T10:24:26.040Z", "Updated": "2025-05-22T10:24:26.040Z", "Citizen": 10, "Method": "GET", "Object": "Service", "RecordId": "98eaa46819a54960929ae448cfc28783", "IpAddress": "127.0.0.1", "Message": "Accessed Service: uz_service1"}}, {"model": "core.abstractlogmodel", "pk": 107, "fields": {"PublicId": "99b7726b-8b1f-45b3-8791-a67e3ccd030b", "Created": "2025-05-22T10:24:26.605Z", "Updated": "2025-05-22T10:24:26.605Z", "Citizen": 10, "Method": "GET", "Object": "Service", "RecordId": "98eaa46819a54960929ae448cfc28783", "IpAddress": "127.0.0.1", "Message": "Accessed Service: uz_service1"}}, {"model": "core.abstractlogmodel", "pk": 108, "fields": {"PublicId": "c4924624-079a-4f9d-9e2b-1bedf432fc92", "Created": "2025-05-22T10:24:27.135Z", "Updated": "2025-05-22T10:24:27.135Z", "Citizen": 10, "Method": "GET", "Object": "Service", "RecordId": "98eaa46819a54960929ae448cfc28783", "IpAddress": "127.0.0.1", "Message": "Accessed Service: uz_service1"}}, {"model": "core.abstractlogmodel", "pk": 109, "fields": {"PublicId": "20aeb862-bdcf-4079-a1f0-fbd1d59b6c12", "Created": "2025-05-22T10:49:08.451Z", "Updated": "2025-05-22T10:49:08.451Z", "Citizen": 10, "Method": "GET", "Object": "Service", "RecordId": "98eaa46819a54960929ae448cfc28783", "IpAddress": "127.0.0.1", "Message": "Accessed Service: uz_service1"}}, {"model": "core.abstractlogmodel", "pk": 110, "fields": {"PublicId": "926f684b-0616-41cf-813c-5567cdcade73", "Created": "2025-05-22T10:49:11.082Z", "Updated": "2025-05-22T10:49:11.082Z", "Citizen": 10, "Method": "GET", "Object": "Service", "RecordId": "98eaa46819a54960929ae448cfc28783", "IpAddress": "127.0.0.1", "Message": "Accessed Service: uz_service1"}}, {"model": "core.abstractlogmodel", "pk": 111, "fields": {"PublicId": "a9583b68-9837-4b54-89cf-d0c97957e572", "Created": "2025-05-22T10:49:11.200Z", "Updated": "2025-05-22T10:49:11.200Z", "Citizen": 10, "Method": "GET", "Object": "Service", "RecordId": "98eaa46819a54960929ae448cfc28783", "IpAddress": "127.0.0.1", "Message": "Accessed Service: uz_service1"}}, {"model": "core.abstractlogmodel", "pk": 112, "fields": {"PublicId": "1bf41a85-a967-470e-8ff2-e7240c4df3ac", "Created": "2025-05-22T10:49:11.211Z", "Updated": "2025-05-22T10:49:11.211Z", "Citizen": 10, "Method": "GET", "Object": "Service", "RecordId": "98eaa46819a54960929ae448cfc28783", "IpAddress": "127.0.0.1", "Message": "Accessed Service: uz_service1"}}, {"model": "core.abstractlogmodel", "pk": 113, "fields": {"PublicId": "10e3c459-5d2f-494c-ad29-c92fe358e936", "Created": "2025-05-22T10:49:11.407Z", "Updated": "2025-05-22T10:49:11.407Z", "Citizen": 10, "Method": "GET", "Object": "Service", "RecordId": "98eaa46819a54960929ae448cfc28783", "IpAddress": "127.0.0.1", "Message": "Accessed Service: uz_service1"}}, {"model": "core.abstractlogmodel", "pk": 114, "fields": {"PublicId": "f4ebae1d-6580-4a25-bff1-5fa421d79185", "Created": "2025-05-22T10:49:11.409Z", "Updated": "2025-05-22T10:49:11.409Z", "Citizen": 10, "Method": "GET", "Object": "Service", "RecordId": "98eaa46819a54960929ae448cfc28783", "IpAddress": "127.0.0.1", "Message": "Accessed Service: uz_service1"}}, {"model": "core.abstractlogmodel", "pk": 115, "fields": {"PublicId": "8be58ea8-6234-44d4-aa84-cd833ea62b92", "Created": "2025-05-22T10:49:12.277Z", "Updated": "2025-05-22T10:49:12.277Z", "Citizen": 10, "Method": "GET", "Object": "Service", "RecordId": "98eaa46819a54960929ae448cfc28783", "IpAddress": "127.0.0.1", "Message": "Accessed Service: uz_service1"}}, {"model": "core.abstractlogmodel", "pk": 116, "fields": {"PublicId": "f4fc7b06-763c-4b77-a6b0-23a91fb38f93", "Created": "2025-05-22T10:49:13.127Z", "Updated": "2025-05-22T10:49:13.127Z", "Citizen": 10, "Method": "GET", "Object": "Service", "RecordId": "98eaa46819a54960929ae448cfc28783", "IpAddress": "127.0.0.1", "Message": "Accessed Service: uz_service1"}}, {"model": "core.abstractlogmodel", "pk": 117, "fields": {"PublicId": "a00c9d34-8164-427f-99ac-d1aed6bdc2c8", "Created": "2025-05-22T10:49:13.621Z", "Updated": "2025-05-22T10:49:13.621Z", "Citizen": 10, "Method": "GET", "Object": "Service", "RecordId": "98eaa46819a54960929ae448cfc28783", "IpAddress": "127.0.0.1", "Message": "Accessed Service: uz_service1"}}, {"model": "core.abstractlogmodel", "pk": 118, "fields": {"PublicId": "9daaec28-36d6-46ea-9610-531658157345", "Created": "2025-05-22T10:49:14.293Z", "Updated": "2025-05-22T10:49:14.293Z", "Citizen": 10, "Method": "GET", "Object": "Service", "RecordId": "98eaa46819a54960929ae448cfc28783", "IpAddress": "127.0.0.1", "Message": "Accessed Service: uz_service1"}}, {"model": "core.abstractlogmodel", "pk": 119, "fields": {"PublicId": "e93492d9-c97b-4997-9593-3dd1b6c22fc4", "Created": "2025-05-22T10:49:14.815Z", "Updated": "2025-05-22T10:49:14.815Z", "Citizen": 10, "Method": "GET", "Object": "Service", "RecordId": "98eaa46819a54960929ae448cfc28783", "IpAddress": "127.0.0.1", "Message": "Accessed Service: uz_service1"}}, {"model": "core.abstractlogmodel", "pk": 120, "fields": {"PublicId": "8a8414a3-3356-4cf6-8dc5-49dc20573f08", "Created": "2025-05-22T11:01:27.836Z", "Updated": "2025-05-22T11:01:27.836Z", "Citizen": 10, "Method": "GET", "Object": "Service", "RecordId": "98eaa46819a54960929ae448cfc28783", "IpAddress": "127.0.0.1", "Message": "Accessed Service: uz_service1"}}, {"model": "core.abstractlogmodel", "pk": 121, "fields": {"PublicId": "c082c8a9-4a1c-4bbb-ad30-308f6e8ccd06", "Created": "2025-05-22T11:01:30.146Z", "Updated": "2025-05-22T11:01:30.146Z", "Citizen": 10, "Method": "GET", "Object": "Service", "RecordId": "98eaa46819a54960929ae448cfc28783", "IpAddress": "127.0.0.1", "Message": "Accessed Service: uz_service1"}}, {"model": "core.abstractlogmodel", "pk": 122, "fields": {"PublicId": "1847566b-1deb-4252-861a-6e6573b4f418", "Created": "2025-05-22T11:01:30.273Z", "Updated": "2025-05-22T11:01:30.273Z", "Citizen": 10, "Method": "GET", "Object": "Service", "RecordId": "98eaa46819a54960929ae448cfc28783", "IpAddress": "127.0.0.1", "Message": "Accessed Service: uz_service1"}}, {"model": "core.abstractlogmodel", "pk": 123, "fields": {"PublicId": "0af6cede-03f9-4962-85da-7410bb37769a", "Created": "2025-05-22T11:01:30.734Z", "Updated": "2025-05-22T11:01:30.734Z", "Citizen": 10, "Method": "GET", "Object": "Service", "RecordId": "98eaa46819a54960929ae448cfc28783", "IpAddress": "127.0.0.1", "Message": "Accessed Service: uz_service1"}}, {"model": "core.abstractlogmodel", "pk": 124, "fields": {"PublicId": "95d048b0-4a23-4955-8722-ef23dd350bb3", "Created": "2025-05-22T11:01:31.061Z", "Updated": "2025-05-22T11:01:31.061Z", "Citizen": 10, "Method": "GET", "Object": "Service", "RecordId": "98eaa46819a54960929ae448cfc28783", "IpAddress": "127.0.0.1", "Message": "Accessed Service: uz_service1"}}, {"model": "core.abstractlogmodel", "pk": 125, "fields": {"PublicId": "0d317907-73b1-4f79-9b87-0bf36645e0af", "Created": "2025-05-22T11:01:31.230Z", "Updated": "2025-05-22T11:01:31.230Z", "Citizen": 10, "Method": "GET", "Object": "Service", "RecordId": "98eaa46819a54960929ae448cfc28783", "IpAddress": "127.0.0.1", "Message": "Accessed Service: uz_service1"}}, {"model": "core.abstractlogmodel", "pk": 126, "fields": {"PublicId": "9fc41e8e-7567-4f91-93d3-b06c70db1a2b", "Created": "2025-05-22T11:01:32.324Z", "Updated": "2025-05-22T11:01:32.324Z", "Citizen": 10, "Method": "GET", "Object": "Service", "RecordId": "98eaa46819a54960929ae448cfc28783", "IpAddress": "127.0.0.1", "Message": "Accessed Service: uz_service1"}}, {"model": "core.abstractlogmodel", "pk": 127, "fields": {"PublicId": "26c6b0c6-a19a-46d2-ae17-191b602e8e95", "Created": "2025-05-22T11:01:33.343Z", "Updated": "2025-05-22T11:01:33.343Z", "Citizen": 10, "Method": "GET", "Object": "Service", "RecordId": "98eaa46819a54960929ae448cfc28783", "IpAddress": "127.0.0.1", "Message": "Accessed Service: uz_service1"}}, {"model": "core.abstractlogmodel", "pk": 128, "fields": {"PublicId": "7202adac-58cd-42b9-97ad-5c1586773a9d", "Created": "2025-05-22T11:01:34.058Z", "Updated": "2025-05-22T11:01:34.058Z", "Citizen": 10, "Method": "GET", "Object": "Service", "RecordId": "98eaa46819a54960929ae448cfc28783", "IpAddress": "127.0.0.1", "Message": "Accessed Service: uz_service1"}}, {"model": "core.abstractlogmodel", "pk": 129, "fields": {"PublicId": "96b7614a-e717-4969-b3a7-12e9e0a64224", "Created": "2025-05-22T11:01:34.637Z", "Updated": "2025-05-22T11:01:34.637Z", "Citizen": 10, "Method": "GET", "Object": "Service", "RecordId": "98eaa46819a54960929ae448cfc28783", "IpAddress": "127.0.0.1", "Message": "Accessed Service: uz_service1"}}, {"model": "core.abstractlogmodel", "pk": 130, "fields": {"PublicId": "723e0443-4e3b-4942-914e-7419b2e0fd6c", "Created": "2025-05-22T11:01:35.608Z", "Updated": "2025-05-22T11:01:35.608Z", "Citizen": 10, "Method": "GET", "Object": "Service", "RecordId": "98eaa46819a54960929ae448cfc28783", "IpAddress": "127.0.0.1", "Message": "Accessed Service: uz_service1"}}, {"model": "core.abstractlogmodel", "pk": 131, "fields": {"PublicId": "45778854-325b-4b8d-9c41-ba24c8421b8b", "Created": "2025-05-22T11:24:06.159Z", "Updated": "2025-05-22T11:24:06.159Z", "Citizen": 10, "Method": "GET", "Object": "Service", "RecordId": "98eaa46819a54960929ae448cfc28783", "IpAddress": "127.0.0.1", "Message": "Accessed Service: uz_service1"}}, {"model": "core.abstractlogmodel", "pk": 132, "fields": {"PublicId": "9ff78377-2579-4d7a-9e8f-a288ff17ff92", "Created": "2025-05-22T11:24:10.710Z", "Updated": "2025-05-22T11:24:10.710Z", "Citizen": 10, "Method": "GET", "Object": "Service", "RecordId": "98eaa46819a54960929ae448cfc28783", "IpAddress": "127.0.0.1", "Message": "Accessed Service: uz_service1"}}, {"model": "core.abstractlogmodel", "pk": 133, "fields": {"PublicId": "f643f67c-2324-4553-bb24-afb2e144fbab", "Created": "2025-05-22T11:24:10.753Z", "Updated": "2025-05-22T11:24:10.753Z", "Citizen": 10, "Method": "GET", "Object": "Service", "RecordId": "98eaa46819a54960929ae448cfc28783", "IpAddress": "127.0.0.1", "Message": "Accessed Service: uz_service1"}}, {"model": "core.abstractlogmodel", "pk": 134, "fields": {"PublicId": "27467981-1980-4179-825f-fdffb0f41dbc", "Created": "2025-05-22T11:24:10.835Z", "Updated": "2025-05-22T11:24:10.835Z", "Citizen": 10, "Method": "GET", "Object": "Service", "RecordId": "98eaa46819a54960929ae448cfc28783", "IpAddress": "127.0.0.1", "Message": "Accessed Service: uz_service1"}}, {"model": "core.abstractlogmodel", "pk": 135, "fields": {"PublicId": "023355f7-1792-4f41-a9c4-8de5a2c69435", "Created": "2025-05-22T11:24:11.026Z", "Updated": "2025-05-22T11:24:11.026Z", "Citizen": 10, "Method": "GET", "Object": "Service", "RecordId": "98eaa46819a54960929ae448cfc28783", "IpAddress": "127.0.0.1", "Message": "Accessed Service: uz_service1"}}, {"model": "core.abstractlogmodel", "pk": 136, "fields": {"PublicId": "d6b8fb33-533b-4fd3-b6c0-67d2a2779a43", "Created": "2025-05-22T11:24:11.293Z", "Updated": "2025-05-22T11:24:11.294Z", "Citizen": 10, "Method": "GET", "Object": "Service", "RecordId": "98eaa46819a54960929ae448cfc28783", "IpAddress": "127.0.0.1", "Message": "Accessed Service: uz_service1"}}, {"model": "core.abstractlogmodel", "pk": 137, "fields": {"PublicId": "8a816768-5de2-49d6-bfa4-69c59d920cbc", "Created": "2025-05-22T11:24:13.146Z", "Updated": "2025-05-22T11:24:13.146Z", "Citizen": 10, "Method": "GET", "Object": "Service", "RecordId": "98eaa46819a54960929ae448cfc28783", "IpAddress": "127.0.0.1", "Message": "Accessed Service: uz_service1"}}, {"model": "core.abstractlogmodel", "pk": 138, "fields": {"PublicId": "2f433d88-5858-4429-b10b-ceb10719ffdc", "Created": "2025-05-22T11:24:13.853Z", "Updated": "2025-05-22T11:24:13.853Z", "Citizen": 10, "Method": "GET", "Object": "Service", "RecordId": "98eaa46819a54960929ae448cfc28783", "IpAddress": "127.0.0.1", "Message": "Accessed Service: uz_service1"}}, {"model": "core.abstractlogmodel", "pk": 139, "fields": {"PublicId": "65be879d-63a5-4820-92e2-23afd4ada720", "Created": "2025-05-22T11:24:14.551Z", "Updated": "2025-05-22T11:24:14.551Z", "Citizen": 10, "Method": "GET", "Object": "Service", "RecordId": "98eaa46819a54960929ae448cfc28783", "IpAddress": "127.0.0.1", "Message": "Accessed Service: uz_service1"}}, {"model": "core.abstractlogmodel", "pk": 140, "fields": {"PublicId": "43e1bfee-05e1-4e9d-87a5-91dd9dabb3ae", "Created": "2025-05-22T11:24:15.545Z", "Updated": "2025-05-22T11:24:15.545Z", "Citizen": 10, "Method": "GET", "Object": "Service", "RecordId": "98eaa46819a54960929ae448cfc28783", "IpAddress": "127.0.0.1", "Message": "Accessed Service: uz_service1"}}, {"model": "core.abstractlogmodel", "pk": 141, "fields": {"PublicId": "9a0f876a-bd46-4368-ae9d-9d4632ad7877", "Created": "2025-05-22T11:24:16.418Z", "Updated": "2025-05-22T11:24:16.418Z", "Citizen": 10, "Method": "GET", "Object": "Service", "RecordId": "98eaa46819a54960929ae448cfc28783", "IpAddress": "127.0.0.1", "Message": "Accessed Service: uz_service1"}}, {"model": "core.abstractlogmodel", "pk": 142, "fields": {"PublicId": "20c2b322-e1b9-4c98-9ff6-0768c45c1621", "Created": "2025-05-22T12:35:55.387Z", "Updated": "2025-05-22T12:35:55.387Z", "Citizen": 6, "Method": "GET", "Object": "PublicService", "RecordId": "n/a", "IpAddress": "127.0.0.1", "Message": "Accessd Entity: N\\A"}}, {"model": "core.abstractlogmodel", "pk": 143, "fields": {"PublicId": "7dfb980c-0e90-45c4-a9b4-61d43484d46d", "Created": "2025-05-22T12:35:55.426Z", "Updated": "2025-05-22T12:35:55.426Z", "Citizen": 6, "Method": "GET", "Object": "PublicService", "RecordId": "n/a", "IpAddress": "127.0.0.1", "Message": "Accessd Entity: N\\A"}}, {"model": "core.abstractlogmodel", "pk": 144, "fields": {"PublicId": "ce78293c-9ddf-4ad0-8520-f5e2045d9ce4", "Created": "2025-05-22T12:36:26.369Z", "Updated": "2025-05-22T12:36:26.369Z", "Citizen": 6, "Method": "GET", "Object": "PublicService", "RecordId": "n/a", "IpAddress": "127.0.0.1", "Message": "Accessd Entity: N\\A"}}, {"model": "core.abstractlogmodel", "pk": 145, "fields": {"PublicId": "0ca59654-ac9a-453f-aa02-1800baa46f8f", "Created": "2025-05-22T12:36:26.386Z", "Updated": "2025-05-22T12:36:26.386Z", "Citizen": 6, "Method": "GET", "Object": "PublicService", "RecordId": "n/a", "IpAddress": "127.0.0.1", "Message": "Accessd Entity: N\\A"}}, {"model": "core.abstractlogmodel", "pk": 146, "fields": {"PublicId": "2baae6e2-ae1c-4a21-b717-615666a7214e", "Created": "2025-05-22T12:36:36.872Z", "Updated": "2025-05-22T12:36:36.872Z", "Citizen": 6, "Method": "GET", "Object": "PublicService", "RecordId": "n/a", "IpAddress": "127.0.0.1", "Message": "Accessd Entity: N\\A"}}, {"model": "core.abstractlogmodel", "pk": 147, "fields": {"PublicId": "9afba41b-55ff-4e15-be79-8bc685f90530", "Created": "2025-05-22T12:36:36.888Z", "Updated": "2025-05-22T12:36:36.888Z", "Citizen": 6, "Method": "GET", "Object": "PublicService", "RecordId": "n/a", "IpAddress": "127.0.0.1", "Message": "Accessd Entity: N\\A"}}, {"model": "core.abstractlogmodel", "pk": 148, "fields": {"PublicId": "54aef4e8-2ec6-4af3-81cc-2d63050e7ec0", "Created": "2025-05-22T12:36:50.903Z", "Updated": "2025-05-22T12:36:50.903Z", "Citizen": 10, "Method": "GET", "Object": "Service", "RecordId": "98eaa46819a54960929ae448cfc28783", "IpAddress": "127.0.0.1", "Message": "Accessed Service: uz_service1"}}, {"model": "core.abstractlogmodel", "pk": 149, "fields": {"PublicId": "977d047c-6385-432e-a0f2-37a86c6929a0", "Created": "2025-05-22T12:36:53.301Z", "Updated": "2025-05-22T12:36:53.301Z", "Citizen": 10, "Method": "GET", "Object": "Service", "RecordId": "98eaa46819a54960929ae448cfc28783", "IpAddress": "127.0.0.1", "Message": "Accessed Service: uz_service1"}}, {"model": "core.abstractlogmodel", "pk": 150, "fields": {"PublicId": "5f4d4a50-274e-48a3-802c-c0920997fa3f", "Created": "2025-05-22T12:36:53.971Z", "Updated": "2025-05-22T12:36:53.971Z", "Citizen": 10, "Method": "GET", "Object": "Service", "RecordId": "98eaa46819a54960929ae448cfc28783", "IpAddress": "127.0.0.1", "Message": "Accessed Service: uz_service1"}}, {"model": "core.abstractlogmodel", "pk": 151, "fields": {"PublicId": "3bbd4e76-b9f1-45da-b61d-cc0c98d3c247", "Created": "2025-05-22T12:36:54.220Z", "Updated": "2025-05-22T12:36:54.220Z", "Citizen": 10, "Method": "GET", "Object": "Service", "RecordId": "98eaa46819a54960929ae448cfc28783", "IpAddress": "127.0.0.1", "Message": "Accessed Service: uz_service1"}}, {"model": "core.abstractlogmodel", "pk": 152, "fields": {"PublicId": "b318bb1a-3e30-471a-8653-1228ef30026f", "Created": "2025-05-22T12:36:54.357Z", "Updated": "2025-05-22T12:36:54.357Z", "Citizen": 10, "Method": "GET", "Object": "Service", "RecordId": "98eaa46819a54960929ae448cfc28783", "IpAddress": "127.0.0.1", "Message": "Accessed Service: uz_service1"}}, {"model": "core.abstractlogmodel", "pk": 153, "fields": {"PublicId": "43ed66fe-fed8-40d6-9ce6-b6d8fa0decaf", "Created": "2025-05-22T12:36:54.379Z", "Updated": "2025-05-22T12:36:54.379Z", "Citizen": 10, "Method": "GET", "Object": "Service", "RecordId": "98eaa46819a54960929ae448cfc28783", "IpAddress": "127.0.0.1", "Message": "Accessed Service: uz_service1"}}, {"model": "core.abstractlogmodel", "pk": 154, "fields": {"PublicId": "c1c448f8-3d4c-4ef6-9a68-8d6015519b3c", "Created": "2025-05-22T12:36:55.353Z", "Updated": "2025-05-22T12:36:55.353Z", "Citizen": 10, "Method": "GET", "Object": "Service", "RecordId": "98eaa46819a54960929ae448cfc28783", "IpAddress": "127.0.0.1", "Message": "Accessed Service: uz_service1"}}, {"model": "core.abstractlogmodel", "pk": 155, "fields": {"PublicId": "8864856e-29ec-43d0-bf78-72c40c222ad5", "Created": "2025-05-22T12:36:56.181Z", "Updated": "2025-05-22T12:36:56.181Z", "Citizen": 10, "Method": "GET", "Object": "Service", "RecordId": "98eaa46819a54960929ae448cfc28783", "IpAddress": "127.0.0.1", "Message": "Accessed Service: uz_service1"}}, {"model": "core.abstractlogmodel", "pk": 156, "fields": {"PublicId": "4e5cedbb-5dcb-459d-b8b6-dcfbab5b6075", "Created": "2025-05-22T12:36:56.827Z", "Updated": "2025-05-22T12:36:56.827Z", "Citizen": 10, "Method": "GET", "Object": "Service", "RecordId": "98eaa46819a54960929ae448cfc28783", "IpAddress": "127.0.0.1", "Message": "Accessed Service: uz_service1"}}, {"model": "core.abstractlogmodel", "pk": 157, "fields": {"PublicId": "0235eaa4-0c89-435d-a213-80bd39800621", "Created": "2025-05-22T12:36:57.416Z", "Updated": "2025-05-22T12:36:57.416Z", "Citizen": 10, "Method": "GET", "Object": "Service", "RecordId": "98eaa46819a54960929ae448cfc28783", "IpAddress": "127.0.0.1", "Message": "Accessed Service: uz_service1"}}, {"model": "core.abstractlogmodel", "pk": 158, "fields": {"PublicId": "5de6a12f-e363-4a6f-b02e-b12b44f6d958", "Created": "2025-05-22T12:36:58.008Z", "Updated": "2025-05-22T12:36:58.008Z", "Citizen": 10, "Method": "GET", "Object": "Service", "RecordId": "98eaa46819a54960929ae448cfc28783", "IpAddress": "127.0.0.1", "Message": "Accessed Service: uz_service1"}}, {"model": "core.abstractlogmodel", "pk": 159, "fields": {"PublicId": "00f6a1b4-e510-48ba-8bb9-a1293757fec6", "Created": "2025-06-26T07:17:39.557Z", "Updated": "2025-06-26T07:17:39.557Z", "Citizen": 6, "Method": "GET", "Object": "Grantee", "RecordId": "dkdkdk", "IpAddress": "127.0.0.1", "Message": "Accessd Entity: N\\A"}}, {"model": "core.abstractlogmodel", "pk": 160, "fields": {"PublicId": "d6d6b30e-1579-4ab1-adcb-cb17ed73973f", "Created": "2025-06-26T07:18:53.066Z", "Updated": "2025-06-26T07:18:53.066Z", "Citizen": 6, "Method": "GET", "Object": "Grantee", "RecordId": "dkdkdk", "IpAddress": "127.0.0.1", "Message": "Accessd Entity: N\\A"}}, {"model": "core.abstractlogmodel", "pk": 161, "fields": {"PublicId": "abe20b13-bc61-4fb4-9ddf-ecf3429596e7", "Created": "2025-06-26T07:19:52.832Z", "Updated": "2025-06-26T07:19:52.832Z", "Citizen": 6, "Method": "GET", "Object": "Grantee", "RecordId": "83d", "IpAddress": "127.0.0.1", "Message": "Accessd Entity: N\\A"}}, {"model": "core.abstractlogmodel", "pk": 162, "fields": {"PublicId": "461a1b12-9e79-4652-88e0-1c62d6018100", "Created": "2025-06-26T07:23:14.567Z", "Updated": "2025-06-26T07:23:14.567Z", "Citizen": 6, "Method": "GET", "Object": "Grantee", "RecordId": "83d", "IpAddress": "127.0.0.1", "Message": "Accessd Entity: N\\A"}}, {"model": "core.abstractlogmodel", "pk": 163, "fields": {"PublicId": "d78d0413-ffaf-4a5f-9f53-6bb1f7104a78", "Created": "2025-06-27T22:55:20.594Z", "Updated": "2025-06-27T22:55:20.594Z", "Citizen": 10, "Method": "GET", "Object": "PublicService", "RecordId": "n/a", "IpAddress": "127.0.0.1", "Message": "Accessd Entity: N\\A"}}, {"model": "core.abstractlogmodel", "pk": 164, "fields": {"PublicId": "6abaf1fb-fcf9-416f-934c-4baef4c72ad2", "Created": "2025-06-27T23:16:01.945Z", "Updated": "2025-06-27T23:16:01.945Z", "Citizen": 10, "Method": "GET", "Object": "PublicService", "RecordId": "n/a", "IpAddress": "127.0.0.1", "Message": "Accessd Entity: N\\A"}}, {"model": "core.abstractlogmodel", "pk": 165, "fields": {"PublicId": "3d367a4f-fd26-4381-84b2-99d5c4df5347", "Created": "2025-06-27T23:17:46.017Z", "Updated": "2025-06-27T23:17:46.017Z", "Citizen": 10, "Method": "GET", "Object": "PublicService", "RecordId": "n/a", "IpAddress": "127.0.0.1", "Message": "Accessd Entity: N\\A"}}, {"model": "core.abstractlogmodel", "pk": 166, "fields": {"PublicId": "4bf1b3fd-8d37-4f92-8535-aa827abc5cc8", "Created": "2025-06-27T23:17:55.054Z", "Updated": "2025-06-27T23:17:55.054Z", "Citizen": 10, "Method": "GET", "Object": "PublicService", "RecordId": "n/a", "IpAddress": "127.0.0.1", "Message": "Accessd Entity: N\\A"}}, {"model": "core.abstractlogmodel", "pk": 167, "fields": {"PublicId": "09c82c94-3a81-4b50-8e6a-c34de5d7a6fa", "Created": "2025-06-27T23:20:19.047Z", "Updated": "2025-06-27T23:20:19.047Z", "Citizen": 10, "Method": "GET", "Object": "PublicService", "RecordId": "n/a", "IpAddress": "127.0.0.1", "Message": "Accessd Entity: N\\A"}}, {"model": "core.abstractlogmodel", "pk": 168, "fields": {"PublicId": "91ffe4c5-f38e-43cb-a157-ab740f94c817", "Created": "2025-06-27T23:22:54.760Z", "Updated": "2025-06-27T23:22:54.760Z", "Citizen": 10, "Method": "GET", "Object": "PublicService", "RecordId": "n/a", "IpAddress": "127.0.0.1", "Message": "Accessd Entity: N\\A"}}, {"model": "core.abstractlogmodel", "pk": 169, "fields": {"PublicId": "f2258001-e39c-4fa0-9bab-352e77998204", "Created": "2025-06-27T23:24:11.605Z", "Updated": "2025-06-27T23:24:11.605Z", "Citizen": 10, "Method": "GET", "Object": "Service", "RecordId": "98eaa46819a54960929ae448cfc28783", "IpAddress": "127.0.0.1", "Message": "Accessed Service: uz_service1"}}, {"model": "core.abstractlogmodel", "pk": 170, "fields": {"PublicId": "ab674251-5e9c-49e6-8e99-a54099ddb7f5", "Created": "2025-06-27T23:25:14.213Z", "Updated": "2025-06-27T23:25:14.213Z", "Citizen": 10, "Method": "GET", "Object": "Service", "RecordId": "98eaa46819a54960929ae448cfc28783", "IpAddress": "127.0.0.1", "Message": "Accessed Service: uz_service1"}}, {"model": "core.abstractlogmodel", "pk": 171, "fields": {"PublicId": "f04b7884-ed0d-4d8e-84f4-83f3a7d8daca", "Created": "2025-06-27T23:27:01.003Z", "Updated": "2025-06-27T23:27:01.003Z", "Citizen": 10, "Method": "GET", "Object": "Service", "RecordId": "98eaa46819a54960929ae448cfc28783", "IpAddress": "127.0.0.1", "Message": "Accessed Service: uz_service1"}}, {"model": "core.abstractlogmodel", "pk": 172, "fields": {"PublicId": "57aa760b-9f5d-4405-a6bd-9bdfb2d2bcc1", "Created": "2025-06-27T23:29:15.352Z", "Updated": "2025-06-27T23:29:15.352Z", "Citizen": 10, "Method": "GET", "Object": "Service", "RecordId": "98eaa46819a54960929ae448cfc28783", "IpAddress": "127.0.0.1", "Message": "Accessed Service: uz_service1"}}, {"model": "core.abstractlogmodel", "pk": 173, "fields": {"PublicId": "db638af6-719e-459e-bc8f-279a8ce9fca4", "Created": "2025-06-27T23:29:53.137Z", "Updated": "2025-06-27T23:29:53.137Z", "Citizen": 10, "Method": "GET", "Object": "PublicService", "RecordId": "n/a", "IpAddress": "127.0.0.1", "Message": "Accessd Entity: N\\A"}}, {"model": "core.abstractlogmodel", "pk": 174, "fields": {"PublicId": "bd84e27c-3776-488a-9519-b9e9a0857807", "Created": "2025-06-27T23:31:14.087Z", "Updated": "2025-06-27T23:31:14.087Z", "Citizen": 10, "Method": "GET", "Object": "Service", "RecordId": "98eaa46819a54960929ae448cfc28783", "IpAddress": "127.0.0.1", "Message": "Accessed Service: uz_service1"}}, {"model": "core.abstractlogmodel", "pk": 175, "fields": {"PublicId": "fc1e2855-7751-429e-8b35-9facc991c6c7", "Created": "2025-06-27T23:33:21.127Z", "Updated": "2025-06-27T23:33:21.127Z", "Citizen": 10, "Method": "GET", "Object": "Service", "RecordId": "98eaa46819a54960929ae448cfc28783", "IpAddress": "127.0.0.1", "Message": "Accessed Service: uz_service1"}}, {"model": "core.abstractlogmodel", "pk": 176, "fields": {"PublicId": "e66eace0-28fa-40f3-87b6-7c0fbebbb270", "Created": "2025-06-27T23:35:15.838Z", "Updated": "2025-06-27T23:35:15.838Z", "Citizen": 10, "Method": "GET", "Object": "Service", "RecordId": "98eaa46819a54960929ae448cfc28783", "IpAddress": "127.0.0.1", "Message": "Accessed Service: uz_service1"}}, {"model": "core.abstractlogmodel", "pk": 177, "fields": {"PublicId": "23926553-a260-475e-8fa8-971be6f26c8f", "Created": "2025-06-27T23:37:30.900Z", "Updated": "2025-06-27T23:37:30.900Z", "Citizen": 10, "Method": "GET", "Object": "Service", "RecordId": "98eaa46819a54960929ae448cfc28783", "IpAddress": "127.0.0.1", "Message": "Accessed Service: uz_service1"}}, {"model": "core.abstractlogmodel", "pk": 178, "fields": {"PublicId": "99679ad3-79cf-45f3-8ebd-0db073615fc6", "Created": "2025-06-27T23:46:00.167Z", "Updated": "2025-06-27T23:46:00.167Z", "Citizen": 10, "Method": "GET", "Object": "Service", "RecordId": "98eaa46819a54960929ae448cfc28783", "IpAddress": "127.0.0.1", "Message": "Accessed Service: uz_service1"}}, {"model": "core.abstractlogmodel", "pk": 179, "fields": {"PublicId": "c00789cd-b911-4e1a-852c-956e2208963b", "Created": "2025-06-27T23:49:02.567Z", "Updated": "2025-06-27T23:49:02.567Z", "Citizen": 6, "Method": "GET", "Object": "PublicService", "RecordId": "n/a", "IpAddress": "127.0.0.1", "Message": "Accessd Entity: N\\A"}}, {"model": "core.abstractlogmodel", "pk": 180, "fields": {"PublicId": "b51deacf-f6ab-4f94-9596-8f02643f4138", "Created": "2025-06-27T23:49:02.589Z", "Updated": "2025-06-27T23:49:02.589Z", "Citizen": 6, "Method": "GET", "Object": "PublicService", "RecordId": "n/a", "IpAddress": "127.0.0.1", "Message": "Accessd Entity: N\\A"}}, {"model": "core.abstractlogmodel", "pk": 181, "fields": {"PublicId": "f13110d9-2e20-40a5-8055-b72841bddcf4", "Created": "2025-06-27T23:51:52.787Z", "Updated": "2025-06-27T23:51:52.787Z", "Citizen": 10, "Method": "GET", "Object": "Service", "RecordId": "98eaa46819a54960929ae448cfc28783", "IpAddress": "127.0.0.1", "Message": "Accessed Service: uz_service1"}}, {"model": "core.abstractlogmodel", "pk": 182, "fields": {"PublicId": "ec1db45b-54d5-4205-801e-23e23f195aa7", "Created": "2025-06-27T23:51:55.412Z", "Updated": "2025-06-27T23:51:55.412Z", "Citizen": 10, "Method": "GET", "Object": "Service", "RecordId": "98eaa46819a54960929ae448cfc28783", "IpAddress": "127.0.0.1", "Message": "Accessed Service: uz_service1"}}, {"model": "core.abstractlogmodel", "pk": 183, "fields": {"PublicId": "a8826c7b-b174-418b-a3e2-31d5e9288523", "Created": "2025-06-27T23:51:55.771Z", "Updated": "2025-06-27T23:51:55.771Z", "Citizen": 10, "Method": "GET", "Object": "Service", "RecordId": "98eaa46819a54960929ae448cfc28783", "IpAddress": "127.0.0.1", "Message": "Accessed Service: uz_service1"}}, {"model": "core.abstractlogmodel", "pk": 184, "fields": {"PublicId": "7881658d-2f58-41e5-ac78-ea02530230d6", "Created": "2025-06-27T23:51:55.812Z", "Updated": "2025-06-27T23:51:55.812Z", "Citizen": 10, "Method": "GET", "Object": "Service", "RecordId": "98eaa46819a54960929ae448cfc28783", "IpAddress": "127.0.0.1", "Message": "Accessed Service: uz_service1"}}, {"model": "core.abstractlogmodel", "pk": 185, "fields": {"PublicId": "43ea2b8d-3578-4945-870c-ef1652a52650", "Created": "2025-06-27T23:51:55.959Z", "Updated": "2025-06-27T23:51:55.959Z", "Citizen": 10, "Method": "GET", "Object": "Service", "RecordId": "98eaa46819a54960929ae448cfc28783", "IpAddress": "127.0.0.1", "Message": "Accessed Service: uz_service1"}}, {"model": "core.abstractlogmodel", "pk": 186, "fields": {"PublicId": "1126b109-0d75-4ae8-9c7f-42aace97883f", "Created": "2025-06-27T23:51:56.001Z", "Updated": "2025-06-27T23:51:56.001Z", "Citizen": 10, "Method": "GET", "Object": "Service", "RecordId": "98eaa46819a54960929ae448cfc28783", "IpAddress": "127.0.0.1", "Message": "Accessed Service: uz_service1"}}, {"model": "core.abstractlogmodel", "pk": 187, "fields": {"PublicId": "46e4e63b-59cf-4484-aa4a-dc1c996a1450", "Created": "2025-06-27T23:51:57.463Z", "Updated": "2025-06-27T23:51:57.463Z", "Citizen": 10, "Method": "GET", "Object": "Service", "RecordId": "98eaa46819a54960929ae448cfc28783", "IpAddress": "127.0.0.1", "Message": "Accessed Service: uz_service1"}}, {"model": "core.abstractlogmodel", "pk": 188, "fields": {"PublicId": "957c38ad-9c8c-4b65-a137-4c188bb86c03", "Created": "2025-06-27T23:51:57.746Z", "Updated": "2025-06-27T23:51:57.746Z", "Citizen": 10, "Method": "GET", "Object": "Service", "RecordId": "98eaa46819a54960929ae448cfc28783", "IpAddress": "127.0.0.1", "Message": "Accessed Service: uz_service1"}}, {"model": "core.abstractlogmodel", "pk": 189, "fields": {"PublicId": "7d72961f-9e19-44bc-ba4b-40b343f83c3a", "Created": "2025-06-27T23:51:58.260Z", "Updated": "2025-06-27T23:51:58.260Z", "Citizen": 10, "Method": "GET", "Object": "Service", "RecordId": "98eaa46819a54960929ae448cfc28783", "IpAddress": "127.0.0.1", "Message": "Accessed Service: uz_service1"}}, {"model": "core.abstractlogmodel", "pk": 190, "fields": {"PublicId": "39937289-b877-425c-9bcd-c6d4baeccabb", "Created": "2025-06-27T23:52:00.557Z", "Updated": "2025-06-27T23:52:00.557Z", "Citizen": 10, "Method": "GET", "Object": "Service", "RecordId": "98eaa46819a54960929ae448cfc28783", "IpAddress": "127.0.0.1", "Message": "Accessed Service: uz_service1"}}, {"model": "core.abstractlogmodel", "pk": 191, "fields": {"PublicId": "b39e82eb-931d-4201-8fa8-a01012e55a1f", "Created": "2025-06-27T23:52:00.563Z", "Updated": "2025-06-27T23:52:00.563Z", "Citizen": 10, "Method": "GET", "Object": "Service", "RecordId": "98eaa46819a54960929ae448cfc28783", "IpAddress": "127.0.0.1", "Message": "Accessed Service: uz_service1"}}, {"model": "core.abstractlogmodel", "pk": 192, "fields": {"PublicId": "581bbb02-d3c6-4672-a642-0807b8154fc6", "Created": "2025-06-27T23:52:00.573Z", "Updated": "2025-06-27T23:52:00.573Z", "Citizen": 10, "Method": "GET", "Object": "Service", "RecordId": "98eaa46819a54960929ae448cfc28783", "IpAddress": "127.0.0.1", "Message": "Accessed Service: uz_service1"}}, {"model": "core.abstractlogmodel", "pk": 193, "fields": {"PublicId": "12d4252a-4451-4f78-9eca-2ea72b36609a", "Created": "2025-06-27T23:52:00.846Z", "Updated": "2025-06-27T23:52:00.846Z", "Citizen": 10, "Method": "GET", "Object": "Service", "RecordId": "98eaa46819a54960929ae448cfc28783", "IpAddress": "127.0.0.1", "Message": "Accessed Service: uz_service1"}}, {"model": "core.abstractlogmodel", "pk": 194, "fields": {"PublicId": "ce3b85b9-bb4a-40ed-969b-b8471917a745", "Created": "2025-06-27T23:52:01.562Z", "Updated": "2025-06-27T23:52:01.562Z", "Citizen": 10, "Method": "GET", "Object": "Service", "RecordId": "98eaa46819a54960929ae448cfc28783", "IpAddress": "127.0.0.1", "Message": "Accessed Service: uz_service1"}}, {"model": "core.abstractlogmodel", "pk": 195, "fields": {"PublicId": "7f32acc7-f196-4198-8b01-9ce5979cde98", "Created": "2025-06-27T23:52:02.241Z", "Updated": "2025-06-27T23:52:02.241Z", "Citizen": 10, "Method": "GET", "Object": "Service", "RecordId": "98eaa46819a54960929ae448cfc28783", "IpAddress": "127.0.0.1", "Message": "Accessed Service: uz_service1"}}, {"model": "core.abstractlogmodel", "pk": 196, "fields": {"PublicId": "25386ae7-f5a4-4ddb-8d94-6133e9d2fd21", "Created": "2025-06-27T23:52:02.893Z", "Updated": "2025-06-27T23:52:02.893Z", "Citizen": 10, "Method": "GET", "Object": "Service", "RecordId": "98eaa46819a54960929ae448cfc28783", "IpAddress": "127.0.0.1", "Message": "Accessed Service: uz_service1"}}, {"model": "core.abstractlogmodel", "pk": 197, "fields": {"PublicId": "f6bf29cc-22da-4ceb-b892-28b4f12694ef", "Created": "2025-06-27T23:52:03.785Z", "Updated": "2025-06-27T23:52:03.785Z", "Citizen": 10, "Method": "GET", "Object": "Service", "RecordId": "98eaa46819a54960929ae448cfc28783", "IpAddress": "127.0.0.1", "Message": "Accessed Service: uz_service1"}}, {"model": "core.abstractlogmodel", "pk": 198, "fields": {"PublicId": "45a4337b-2808-4299-986e-6bb02b6c0c81", "Created": "2025-06-27T23:52:04.403Z", "Updated": "2025-06-27T23:52:04.403Z", "Citizen": 10, "Method": "GET", "Object": "Service", "RecordId": "98eaa46819a54960929ae448cfc28783", "IpAddress": "127.0.0.1", "Message": "Accessed Service: uz_service1"}}, {"model": "core.abstractlogmodel", "pk": 199, "fields": {"PublicId": "6cd87154-f97a-44f6-920a-a7bc52547425", "Created": "2025-06-27T23:52:21.543Z", "Updated": "2025-06-27T23:52:21.543Z", "Citizen": 10, "Method": "GET", "Object": "Service", "RecordId": "98eaa46819a54960929ae448cfc28783", "IpAddress": "127.0.0.1", "Message": "Accessed Service: uz_service1"}}, {"model": "core.abstractlogmodel", "pk": 200, "fields": {"PublicId": "29718828-3e85-48a7-97f5-0e3f4286ea63", "Created": "2025-06-27T23:52:24.008Z", "Updated": "2025-06-27T23:52:24.008Z", "Citizen": 10, "Method": "GET", "Object": "Service", "RecordId": "98eaa46819a54960929ae448cfc28783", "IpAddress": "127.0.0.1", "Message": "Accessed Service: uz_service1"}}, {"model": "core.abstractlogmodel", "pk": 201, "fields": {"PublicId": "33650b9c-7c3f-4924-89b5-86993d3d98e1", "Created": "2025-06-27T23:52:24.053Z", "Updated": "2025-06-27T23:52:24.053Z", "Citizen": 10, "Method": "GET", "Object": "Service", "RecordId": "98eaa46819a54960929ae448cfc28783", "IpAddress": "127.0.0.1", "Message": "Accessed Service: uz_service1"}}, {"model": "core.abstractlogmodel", "pk": 202, "fields": {"PublicId": "3d4df8ce-dc3f-4497-af32-b4a44899ec28", "Created": "2025-06-27T23:52:24.086Z", "Updated": "2025-06-27T23:52:24.086Z", "Citizen": 10, "Method": "GET", "Object": "Service", "RecordId": "98eaa46819a54960929ae448cfc28783", "IpAddress": "127.0.0.1", "Message": "Accessed Service: uz_service1"}}, {"model": "core.abstractlogmodel", "pk": 203, "fields": {"PublicId": "11c361c0-843a-49eb-abf9-3c19908e166b", "Created": "2025-06-27T23:52:24.368Z", "Updated": "2025-06-27T23:52:24.368Z", "Citizen": 10, "Method": "GET", "Object": "Service", "RecordId": "98eaa46819a54960929ae448cfc28783", "IpAddress": "127.0.0.1", "Message": "Accessed Service: uz_service1"}}, {"model": "core.abstractlogmodel", "pk": 204, "fields": {"PublicId": "385e31af-019f-42dd-a57b-37a44276cded", "Created": "2025-06-27T23:52:24.396Z", "Updated": "2025-06-27T23:52:24.397Z", "Citizen": 10, "Method": "GET", "Object": "Service", "RecordId": "98eaa46819a54960929ae448cfc28783", "IpAddress": "127.0.0.1", "Message": "Accessed Service: uz_service1"}}, {"model": "core.abstractlogmodel", "pk": 205, "fields": {"PublicId": "c99dcddf-a5d5-402b-9b9e-098875af5be0", "Created": "2025-06-27T23:52:25.161Z", "Updated": "2025-06-27T23:52:25.161Z", "Citizen": 10, "Method": "GET", "Object": "Service", "RecordId": "98eaa46819a54960929ae448cfc28783", "IpAddress": "127.0.0.1", "Message": "Accessed Service: uz_service1"}}, {"model": "core.abstractlogmodel", "pk": 206, "fields": {"PublicId": "08a4c1e7-ef1d-4323-8710-da3a5c1b1f44", "Created": "2025-06-27T23:52:25.739Z", "Updated": "2025-06-27T23:52:25.739Z", "Citizen": 10, "Method": "GET", "Object": "Service", "RecordId": "98eaa46819a54960929ae448cfc28783", "IpAddress": "127.0.0.1", "Message": "Accessed Service: uz_service1"}}, {"model": "core.abstractlogmodel", "pk": 207, "fields": {"PublicId": "04c33fa0-f55c-4806-85a9-2d6560340197", "Created": "2025-06-27T23:52:26.349Z", "Updated": "2025-06-27T23:52:26.349Z", "Citizen": 10, "Method": "GET", "Object": "Service", "RecordId": "98eaa46819a54960929ae448cfc28783", "IpAddress": "127.0.0.1", "Message": "Accessed Service: uz_service1"}}, {"model": "core.abstractlogmodel", "pk": 208, "fields": {"PublicId": "f4fed643-629b-41a7-b5c9-37ba594ca1c8", "Created": "2025-06-27T23:52:26.928Z", "Updated": "2025-06-27T23:52:26.928Z", "Citizen": 10, "Method": "GET", "Object": "Service", "RecordId": "98eaa46819a54960929ae448cfc28783", "IpAddress": "127.0.0.1", "Message": "Accessed Service: uz_service1"}}, {"model": "core.abstractlogmodel", "pk": 209, "fields": {"PublicId": "02cf598e-dd8f-41a4-ae73-c2c8a1981c3c", "Created": "2025-06-27T23:52:27.570Z", "Updated": "2025-06-27T23:52:27.570Z", "Citizen": 10, "Method": "GET", "Object": "Service", "RecordId": "98eaa46819a54960929ae448cfc28783", "IpAddress": "127.0.0.1", "Message": "Accessed Service: uz_service1"}}, {"model": "core.abstractlogmodel", "pk": 210, "fields": {"PublicId": "def4644f-c45a-4ffa-9ad8-fdfe3a98f57c", "Created": "2025-06-27T23:52:30.677Z", "Updated": "2025-06-27T23:52:30.677Z", "Citizen": 10, "Method": "GET", "Object": "Service", "RecordId": "98eaa46819a54960929ae448cfc28783", "IpAddress": "127.0.0.1", "Message": "Accessed Service: uz_service1"}}, {"model": "core.abstractlogmodel", "pk": 211, "fields": {"PublicId": "039c495f-018c-4d49-b809-e476620b1c02", "Created": "2025-06-27T23:52:32.981Z", "Updated": "2025-06-27T23:52:32.981Z", "Citizen": 10, "Method": "GET", "Object": "Service", "RecordId": "98eaa46819a54960929ae448cfc28783", "IpAddress": "127.0.0.1", "Message": "Accessed Service: uz_service1"}}, {"model": "core.abstractlogmodel", "pk": 212, "fields": {"PublicId": "5b98e6a7-d8f5-46a7-8722-dc1a7d073aae", "Created": "2025-06-27T23:52:33.106Z", "Updated": "2025-06-27T23:52:33.106Z", "Citizen": 10, "Method": "GET", "Object": "Service", "RecordId": "98eaa46819a54960929ae448cfc28783", "IpAddress": "127.0.0.1", "Message": "Accessed Service: uz_service1"}}, {"model": "core.abstractlogmodel", "pk": 213, "fields": {"PublicId": "bb16c6b3-b7ba-4799-908d-75ae4dad90a4", "Created": "2025-06-27T23:52:33.226Z", "Updated": "2025-06-27T23:52:33.226Z", "Citizen": 10, "Method": "GET", "Object": "Service", "RecordId": "98eaa46819a54960929ae448cfc28783", "IpAddress": "127.0.0.1", "Message": "Accessed Service: uz_service1"}}, {"model": "core.abstractlogmodel", "pk": 214, "fields": {"PublicId": "311ba900-5acf-4ef6-b2ff-fa2475567943", "Created": "2025-06-27T23:52:33.961Z", "Updated": "2025-06-27T23:52:33.961Z", "Citizen": 10, "Method": "GET", "Object": "Service", "RecordId": "98eaa46819a54960929ae448cfc28783", "IpAddress": "127.0.0.1", "Message": "Accessed Service: uz_service1"}}, {"model": "core.abstractlogmodel", "pk": 215, "fields": {"PublicId": "2e619188-9699-4550-b074-d9627efb0d1b", "Created": "2025-06-27T23:52:34.647Z", "Updated": "2025-06-27T23:52:34.647Z", "Citizen": 10, "Method": "GET", "Object": "Service", "RecordId": "98eaa46819a54960929ae448cfc28783", "IpAddress": "127.0.0.1", "Message": "Accessed Service: uz_service1"}}, {"model": "core.abstractlogmodel", "pk": 216, "fields": {"PublicId": "e06a9275-446c-4e88-9583-c54ca794a284", "Created": "2025-06-27T23:52:35.314Z", "Updated": "2025-06-27T23:52:35.314Z", "Citizen": 10, "Method": "GET", "Object": "Service", "RecordId": "98eaa46819a54960929ae448cfc28783", "IpAddress": "127.0.0.1", "Message": "Accessed Service: uz_service1"}}, {"model": "core.abstractlogmodel", "pk": 217, "fields": {"PublicId": "b7247bc3-3e94-4703-bde4-c430e8938a89", "Created": "2025-06-27T23:52:35.965Z", "Updated": "2025-06-27T23:52:35.965Z", "Citizen": 10, "Method": "GET", "Object": "Service", "RecordId": "98eaa46819a54960929ae448cfc28783", "IpAddress": "127.0.0.1", "Message": "Accessed Service: uz_service1"}}, {"model": "core.abstractlogmodel", "pk": 218, "fields": {"PublicId": "1daa8e93-18dd-4a2c-860b-db2eaf4483b3", "Created": "2025-06-27T23:52:36.552Z", "Updated": "2025-06-27T23:52:36.552Z", "Citizen": 10, "Method": "GET", "Object": "Service", "RecordId": "98eaa46819a54960929ae448cfc28783", "IpAddress": "127.0.0.1", "Message": "Accessed Service: uz_service1"}}, {"model": "core.abstractlogmodel", "pk": 219, "fields": {"PublicId": "75312a34-f709-4361-a83c-d29e9e732158", "Created": "2025-06-28T13:13:07.673Z", "Updated": "2025-06-28T13:13:07.674Z", "Citizen": 6, "Method": "GET", "Object": "PublicService", "RecordId": "n/a", "IpAddress": "127.0.0.1", "Message": "Accessd Entity: N\\A"}}, {"model": "core.abstractlogmodel", "pk": 220, "fields": {"PublicId": "d8801529-61a2-4a90-9fc9-d781565ca32d", "Created": "2025-06-28T13:13:07.721Z", "Updated": "2025-06-28T13:13:07.721Z", "Citizen": 6, "Method": "GET", "Object": "PublicService", "RecordId": "n/a", "IpAddress": "127.0.0.1", "Message": "Accessd Entity: N\\A"}}, {"model": "core.abstractlogmodel", "pk": 221, "fields": {"PublicId": "7340e34a-0a52-412a-8f96-aedea537b34e", "Created": "2025-06-28T13:16:05.764Z", "Updated": "2025-06-28T13:16:05.764Z", "Citizen": 6, "Method": "GET", "Object": "PublicService", "RecordId": "n/a", "IpAddress": "127.0.0.1", "Message": "Accessd Entity: N\\A"}}, {"model": "core.abstractlogmodel", "pk": 222, "fields": {"PublicId": "7cc4a542-a88f-48d6-ad06-3b7c2693aab9", "Created": "2025-06-28T13:16:05.779Z", "Updated": "2025-06-28T13:16:05.779Z", "Citizen": 6, "Method": "GET", "Object": "PublicService", "RecordId": "n/a", "IpAddress": "127.0.0.1", "Message": "Accessd Entity: N\\A"}}, {"model": "core.abstractlogmodel", "pk": 223, "fields": {"PublicId": "e1b16951-289b-4a9b-b56d-08aaff60ffa3", "Created": "2025-06-28T17:46:13.158Z", "Updated": "2025-06-28T17:46:13.158Z", "Citizen": 10, "Method": "GET", "Object": "Service", "RecordId": "98eaa46819a54960929ae448cfc28783", "IpAddress": "127.0.0.1", "Message": "Accessed Service: uz_service1"}}, {"model": "core.abstractlogmodel", "pk": 224, "fields": {"PublicId": "1366ac4f-8d61-4a06-9c56-fe652fc7218d", "Created": "2025-06-28T17:46:16.077Z", "Updated": "2025-06-28T17:46:16.077Z", "Citizen": 10, "Method": "GET", "Object": "Service", "RecordId": "98eaa46819a54960929ae448cfc28783", "IpAddress": "127.0.0.1", "Message": "Accessed Service: uz_service1"}}, {"model": "core.abstractlogmodel", "pk": 225, "fields": {"PublicId": "517bc52f-6ee4-4b25-bea1-2d6860be7349", "Created": "2025-06-28T17:46:16.199Z", "Updated": "2025-06-28T17:46:16.199Z", "Citizen": 10, "Method": "GET", "Object": "Service", "RecordId": "98eaa46819a54960929ae448cfc28783", "IpAddress": "127.0.0.1", "Message": "Accessed Service: uz_service1"}}, {"model": "core.abstractlogmodel", "pk": 226, "fields": {"PublicId": "a1a3c313-70c3-4e65-aa44-979ece47593c", "Created": "2025-06-28T17:46:16.365Z", "Updated": "2025-06-28T17:46:16.365Z", "Citizen": 10, "Method": "GET", "Object": "Service", "RecordId": "98eaa46819a54960929ae448cfc28783", "IpAddress": "127.0.0.1", "Message": "Accessed Service: uz_service1"}}, {"model": "core.abstractlogmodel", "pk": 227, "fields": {"PublicId": "7305c0fc-3113-44cb-8828-527d94e369ad", "Created": "2025-06-28T17:46:16.413Z", "Updated": "2025-06-28T17:46:16.413Z", "Citizen": 10, "Method": "GET", "Object": "Service", "RecordId": "98eaa46819a54960929ae448cfc28783", "IpAddress": "127.0.0.1", "Message": "Accessed Service: uz_service1"}}, {"model": "core.abstractlogmodel", "pk": 228, "fields": {"PublicId": "4f45a729-8cae-4128-a1b6-1c34d8a0f817", "Created": "2025-06-28T17:46:16.421Z", "Updated": "2025-06-28T17:46:16.421Z", "Citizen": 10, "Method": "GET", "Object": "Service", "RecordId": "98eaa46819a54960929ae448cfc28783", "IpAddress": "127.0.0.1", "Message": "Accessed Service: uz_service1"}}, {"model": "core.abstractlogmodel", "pk": 229, "fields": {"PublicId": "ec03ad62-a471-4861-b762-50ca59b0c669", "Created": "2025-06-28T17:46:17.689Z", "Updated": "2025-06-28T17:46:17.689Z", "Citizen": 10, "Method": "GET", "Object": "Service", "RecordId": "98eaa46819a54960929ae448cfc28783", "IpAddress": "127.0.0.1", "Message": "Accessed Service: uz_service1"}}, {"model": "core.abstractlogmodel", "pk": 230, "fields": {"PublicId": "66cb1dc5-4fe3-46ab-99ec-f5a98591dfbc", "Created": "2025-06-28T17:46:17.834Z", "Updated": "2025-06-28T17:46:17.834Z", "Citizen": 10, "Method": "GET", "Object": "Service", "RecordId": "98eaa46819a54960929ae448cfc28783", "IpAddress": "127.0.0.1", "Message": "Accessed Service: uz_service1"}}, {"model": "core.abstractlogmodel", "pk": 231, "fields": {"PublicId": "e86dfc6b-472b-4078-bc48-921b4d77177f", "Created": "2025-06-28T17:46:17.942Z", "Updated": "2025-06-28T17:46:17.942Z", "Citizen": 10, "Method": "GET", "Object": "Service", "RecordId": "98eaa46819a54960929ae448cfc28783", "IpAddress": "127.0.0.1", "Message": "Accessed Service: uz_service1"}}, {"model": "core.abstractlogmodel", "pk": 232, "fields": {"PublicId": "ff578117-f6af-4158-8af5-f5e388a84d90", "Created": "2025-06-28T17:46:19.888Z", "Updated": "2025-06-28T17:46:19.888Z", "Citizen": 10, "Method": "GET", "Object": "Service", "RecordId": "98eaa46819a54960929ae448cfc28783", "IpAddress": "127.0.0.1", "Message": "Accessed Service: uz_service1"}}, {"model": "core.abstractlogmodel", "pk": 233, "fields": {"PublicId": "d03eb453-6480-46aa-81cf-b0ee37c9f0f9", "Created": "2025-06-28T17:46:19.894Z", "Updated": "2025-06-28T17:46:19.894Z", "Citizen": 10, "Method": "GET", "Object": "Service", "RecordId": "98eaa46819a54960929ae448cfc28783", "IpAddress": "127.0.0.1", "Message": "Accessed Service: uz_service1"}}, {"model": "core.abstractlogmodel", "pk": 234, "fields": {"PublicId": "9beb4b60-cbcc-4fd3-8738-c4387a205e09", "Created": "2025-06-28T17:46:19.961Z", "Updated": "2025-06-28T17:46:19.961Z", "Citizen": 10, "Method": "GET", "Object": "Service", "RecordId": "98eaa46819a54960929ae448cfc28783", "IpAddress": "127.0.0.1", "Message": "Accessed Service: uz_service1"}}, {"model": "core.abstractlogmodel", "pk": 235, "fields": {"PublicId": "d4baa1bc-bbfd-4f01-8a33-2e900e4196db", "Created": "2025-06-28T17:46:20.121Z", "Updated": "2025-06-28T17:46:20.121Z", "Citizen": 10, "Method": "GET", "Object": "Service", "RecordId": "98eaa46819a54960929ae448cfc28783", "IpAddress": "127.0.0.1", "Message": "Accessed Service: uz_service1"}}, {"model": "core.abstractlogmodel", "pk": 236, "fields": {"PublicId": "b7136993-edfd-44d0-a8f8-9b12cd2096eb", "Created": "2025-06-28T17:46:20.692Z", "Updated": "2025-06-28T17:46:20.692Z", "Citizen": 10, "Method": "GET", "Object": "Service", "RecordId": "98eaa46819a54960929ae448cfc28783", "IpAddress": "127.0.0.1", "Message": "Accessed Service: uz_service1"}}, {"model": "core.abstractlogmodel", "pk": 237, "fields": {"PublicId": "449d6427-f87c-41b0-b9d3-2e7bde05144f", "Created": "2025-06-28T17:46:21.227Z", "Updated": "2025-06-28T17:46:21.227Z", "Citizen": 10, "Method": "GET", "Object": "Service", "RecordId": "98eaa46819a54960929ae448cfc28783", "IpAddress": "127.0.0.1", "Message": "Accessed Service: uz_service1"}}, {"model": "core.abstractlogmodel", "pk": 238, "fields": {"PublicId": "23cc2d4a-3d33-4b85-8220-edfa31891f08", "Created": "2025-06-28T17:46:21.851Z", "Updated": "2025-06-28T17:46:21.851Z", "Citizen": 10, "Method": "GET", "Object": "Service", "RecordId": "98eaa46819a54960929ae448cfc28783", "IpAddress": "127.0.0.1", "Message": "Accessed Service: uz_service1"}}, {"model": "core.abstractlogmodel", "pk": 239, "fields": {"PublicId": "bc91aaa8-59da-453a-8839-453a02674eb0", "Created": "2025-06-28T17:46:22.369Z", "Updated": "2025-06-28T17:46:22.369Z", "Citizen": 10, "Method": "GET", "Object": "Service", "RecordId": "98eaa46819a54960929ae448cfc28783", "IpAddress": "127.0.0.1", "Message": "Accessed Service: uz_service1"}}, {"model": "core.abstractlogmodel", "pk": 240, "fields": {"PublicId": "a28ed15a-74b5-40f5-9e7a-4ffa725ec590", "Created": "2025-06-28T17:46:22.952Z", "Updated": "2025-06-28T17:46:22.952Z", "Citizen": 10, "Method": "GET", "Object": "Service", "RecordId": "98eaa46819a54960929ae448cfc28783", "IpAddress": "127.0.0.1", "Message": "Accessed Service: uz_service1"}}, {"model": "core.abstractlogmodel", "pk": 241, "fields": {"PublicId": "a566c19d-18f4-4677-88ed-18b5432cf980", "Created": "2025-06-28T18:22:55.713Z", "Updated": "2025-06-28T18:22:55.713Z", "Citizen": 5, "Method": "HEAD", "Object": "Service", "RecordId": "98eaa46819a54960929ae448cfc28783", "IpAddress": "127.0.0.1", "Message": "Accessed Service: uz_service1"}}, {"model": "core.abstractlogmodel", "pk": 242, "fields": {"PublicId": "374206dc-e37f-4721-a9c9-009aa01429e1", "Created": "2025-06-28T18:22:57.862Z", "Updated": "2025-06-28T18:22:57.862Z", "Citizen": 5, "Method": "GET", "Object": "Service", "RecordId": "98eaa46819a54960929ae448cfc28783", "IpAddress": "127.0.0.1", "Message": "Accessed Service: uz_service1"}}, {"model": "core.abstractlogmodel", "pk": 243, "fields": {"PublicId": "8590db50-99dc-4ce9-aa26-9a00a824e82a", "Created": "2025-06-28T18:23:00.268Z", "Updated": "2025-06-28T18:23:00.268Z", "Citizen": 5, "Method": "GET", "Object": "Service", "RecordId": "98eaa46819a54960929ae448cfc28783", "IpAddress": "127.0.0.1", "Message": "Accessed Service: uz_service1"}}, {"model": "core.abstractlogmodel", "pk": 244, "fields": {"PublicId": "c7f56b51-5aaa-4e3f-b3cd-035bc05176de", "Created": "2025-06-28T18:23:00.374Z", "Updated": "2025-06-28T18:23:00.374Z", "Citizen": 5, "Method": "GET", "Object": "Service", "RecordId": "98eaa46819a54960929ae448cfc28783", "IpAddress": "127.0.0.1", "Message": "Accessed Service: uz_service1"}}, {"model": "core.abstractlogmodel", "pk": 245, "fields": {"PublicId": "d248533a-347f-4db1-b9aa-c29bd4cfcc2a", "Created": "2025-06-28T18:23:00.460Z", "Updated": "2025-06-28T18:23:00.460Z", "Citizen": 5, "Method": "GET", "Object": "Service", "RecordId": "98eaa46819a54960929ae448cfc28783", "IpAddress": "127.0.0.1", "Message": "Accessed Service: uz_service1"}}, {"model": "core.abstractlogmodel", "pk": 246, "fields": {"PublicId": "8dd8d11f-fdad-484b-9bef-9fb38785d296", "Created": "2025-06-28T18:23:00.618Z", "Updated": "2025-06-28T18:23:00.618Z", "Citizen": 5, "Method": "GET", "Object": "Service", "RecordId": "98eaa46819a54960929ae448cfc28783", "IpAddress": "127.0.0.1", "Message": "Accessed Service: uz_service1"}}, {"model": "core.abstractlogmodel", "pk": 247, "fields": {"PublicId": "54bb50c8-e53e-4706-9b4a-8d76ed357954", "Created": "2025-06-28T18:23:00.755Z", "Updated": "2025-06-28T18:23:00.755Z", "Citizen": 5, "Method": "GET", "Object": "Service", "RecordId": "98eaa46819a54960929ae448cfc28783", "IpAddress": "127.0.0.1", "Message": "Accessed Service: uz_service1"}}, {"model": "core.abstractlogmodel", "pk": 248, "fields": {"PublicId": "d5599e40-44b0-400a-83e2-8e6f2a888c3d", "Created": "2025-06-28T18:23:01.622Z", "Updated": "2025-06-28T18:23:01.622Z", "Citizen": 5, "Method": "GET", "Object": "Service", "RecordId": "98eaa46819a54960929ae448cfc28783", "IpAddress": "127.0.0.1", "Message": "Accessed Service: uz_service1"}}, {"model": "core.abstractlogmodel", "pk": 249, "fields": {"PublicId": "51bfd955-1c61-45ca-94a8-438bf7ff6ab0", "Created": "2025-06-28T18:23:01.708Z", "Updated": "2025-06-28T18:23:01.708Z", "Citizen": 5, "Method": "GET", "Object": "Service", "RecordId": "98eaa46819a54960929ae448cfc28783", "IpAddress": "127.0.0.1", "Message": "Accessed Service: uz_service1"}}, {"model": "core.abstractlogmodel", "pk": 250, "fields": {"PublicId": "024066b2-dd74-41ef-a0c7-5506d1d34b6a", "Created": "2025-06-28T18:23:01.742Z", "Updated": "2025-06-28T18:23:01.742Z", "Citizen": 5, "Method": "GET", "Object": "Service", "RecordId": "98eaa46819a54960929ae448cfc28783", "IpAddress": "127.0.0.1", "Message": "Accessed Service: uz_service1"}}, {"model": "core.abstractlogmodel", "pk": 251, "fields": {"PublicId": "96cfa124-b5f8-4641-9fc2-1a6491cfc0e9", "Created": "2025-06-28T18:23:03.752Z", "Updated": "2025-06-28T18:23:03.752Z", "Citizen": 5, "Method": "GET", "Object": "Service", "RecordId": "98eaa46819a54960929ae448cfc28783", "IpAddress": "127.0.0.1", "Message": "Accessed Service: uz_service1"}}, {"model": "core.abstractlogmodel", "pk": 252, "fields": {"PublicId": "9d918240-8cc8-446b-bb08-0d740bb4d557", "Created": "2025-06-28T18:23:03.842Z", "Updated": "2025-06-28T18:23:03.842Z", "Citizen": 5, "Method": "GET", "Object": "Service", "RecordId": "98eaa46819a54960929ae448cfc28783", "IpAddress": "127.0.0.1", "Message": "Accessed Service: uz_service1"}}, {"model": "core.abstractlogmodel", "pk": 253, "fields": {"PublicId": "7f56c5a9-6f20-47e0-96f6-f957e30669e2", "Created": "2025-06-28T18:23:03.851Z", "Updated": "2025-06-28T18:23:03.851Z", "Citizen": 5, "Method": "GET", "Object": "Service", "RecordId": "98eaa46819a54960929ae448cfc28783", "IpAddress": "127.0.0.1", "Message": "Accessed Service: uz_service1"}}, {"model": "core.abstractlogmodel", "pk": 254, "fields": {"PublicId": "8a782300-7bc2-4385-a4bc-7b4cd33375c9", "Created": "2025-06-28T18:23:04.025Z", "Updated": "2025-06-28T18:23:04.025Z", "Citizen": 5, "Method": "GET", "Object": "Service", "RecordId": "98eaa46819a54960929ae448cfc28783", "IpAddress": "127.0.0.1", "Message": "Accessed Service: uz_service1"}}, {"model": "core.abstractlogmodel", "pk": 255, "fields": {"PublicId": "f86b296d-533e-4702-bc54-3a687fec1d61", "Created": "2025-06-28T18:23:05.102Z", "Updated": "2025-06-28T18:23:05.102Z", "Citizen": 5, "Method": "GET", "Object": "Service", "RecordId": "98eaa46819a54960929ae448cfc28783", "IpAddress": "127.0.0.1", "Message": "Accessed Service: uz_service1"}}, {"model": "core.abstractlogmodel", "pk": 256, "fields": {"PublicId": "be03c7f5-52ca-4361-8475-344a610f1dd0", "Created": "2025-06-28T18:23:05.749Z", "Updated": "2025-06-28T18:23:05.749Z", "Citizen": 5, "Method": "GET", "Object": "Service", "RecordId": "98eaa46819a54960929ae448cfc28783", "IpAddress": "127.0.0.1", "Message": "Accessed Service: uz_service1"}}, {"model": "core.abstractlogmodel", "pk": 257, "fields": {"PublicId": "7ac08621-3d56-42b2-acc8-1a927f47bb59", "Created": "2025-06-28T18:23:06.413Z", "Updated": "2025-06-28T18:23:06.413Z", "Citizen": 5, "Method": "GET", "Object": "Service", "RecordId": "98eaa46819a54960929ae448cfc28783", "IpAddress": "127.0.0.1", "Message": "Accessed Service: uz_service1"}}, {"model": "core.abstractlogmodel", "pk": 258, "fields": {"PublicId": "7991eff2-d320-4a26-bbd1-f75742b8ac96", "Created": "2025-06-28T18:23:07.002Z", "Updated": "2025-06-28T18:23:07.002Z", "Citizen": 5, "Method": "GET", "Object": "Service", "RecordId": "98eaa46819a54960929ae448cfc28783", "IpAddress": "127.0.0.1", "Message": "Accessed Service: uz_service1"}}, {"model": "core.abstractlogmodel", "pk": 259, "fields": {"PublicId": "3fd420c8-d358-438b-9e7d-8f149634e564", "Created": "2025-06-28T18:23:07.586Z", "Updated": "2025-06-28T18:23:07.586Z", "Citizen": 5, "Method": "GET", "Object": "Service", "RecordId": "98eaa46819a54960929ae448cfc28783", "IpAddress": "127.0.0.1", "Message": "Accessed Service: uz_service1"}}, {"model": "core.abstractlogmodel", "pk": 260, "fields": {"PublicId": "27d13f67-1998-4b9c-8a48-5cf8c90db064", "Created": "2025-06-28T18:24:56.957Z", "Updated": "2025-06-28T18:24:56.957Z", "Citizen": 5, "Method": "HEAD", "Object": "Service", "RecordId": "10cd455a45174794bb2b0fe4edbbe88a", "IpAddress": "127.0.0.1", "Message": "Accessed Service: google"}}, {"model": "core.abstractlogmodel", "pk": 261, "fields": {"PublicId": "dc8e24c0-bdac-423c-9aa9-1bd36881ac61", "Created": "2025-06-28T18:24:58.751Z", "Updated": "2025-06-28T18:24:58.751Z", "Citizen": 5, "Method": "GET", "Object": "Service", "RecordId": "10cd455a45174794bb2b0fe4edbbe88a", "IpAddress": "127.0.0.1", "Message": "Accessed Service: google"}}, {"model": "core.abstractlogmodel", "pk": 262, "fields": {"PublicId": "e3258dbf-f739-4e60-b997-36b9b6d90880", "Created": "2025-06-28T18:25:00.539Z", "Updated": "2025-06-28T18:25:00.539Z", "Citizen": 5, "Method": "GET", "Object": "Service", "RecordId": "10cd455a45174794bb2b0fe4edbbe88a", "IpAddress": "127.0.0.1", "Message": "Accessed Service: google"}}, {"model": "core.abstractlogmodel", "pk": 263, "fields": {"PublicId": "f13a4391-796f-4e8f-884d-99e1bbe65067", "Created": "2025-06-28T18:25:01.741Z", "Updated": "2025-06-28T18:25:01.741Z", "Citizen": 5, "Method": "GET", "Object": "Service", "RecordId": "10cd455a45174794bb2b0fe4edbbe88a", "IpAddress": "127.0.0.1", "Message": "Accessed Service: google"}}, {"model": "core.abstractlogmodel", "pk": 264, "fields": {"PublicId": "ae9ed8b9-fc53-4a7a-a4eb-25c2dafeee2f", "Created": "2025-06-28T18:25:40.172Z", "Updated": "2025-06-28T18:25:40.172Z", "Citizen": 5, "Method": "GET", "Object": "Service", "RecordId": "98eaa46819a54960929ae448cfc28783", "IpAddress": "127.0.0.1", "Message": "Accessed Service: uz_service1"}}, {"model": "core.abstractlogmodel", "pk": 265, "fields": {"PublicId": "c0ee9fa5-e9f3-4ed5-bca2-c0751828d19f", "Created": "2025-06-28T18:25:41.870Z", "Updated": "2025-06-28T18:25:41.870Z", "Citizen": 5, "Method": "GET", "Object": "Service", "RecordId": "98eaa46819a54960929ae448cfc28783", "IpAddress": "127.0.0.1", "Message": "Accessed Service: uz_service1"}}, {"model": "core.abstractlogmodel", "pk": 266, "fields": {"PublicId": "3a25926a-e640-4faa-be14-0bc54f9bfdbd", "Created": "2025-06-28T18:25:41.923Z", "Updated": "2025-06-28T18:25:41.923Z", "Citizen": 5, "Method": "GET", "Object": "Service", "RecordId": "98eaa46819a54960929ae448cfc28783", "IpAddress": "127.0.0.1", "Message": "Accessed Service: uz_service1"}}, {"model": "core.abstractlogmodel", "pk": 267, "fields": {"PublicId": "73ed41d8-6b37-4afa-bba8-121a45f2bade", "Created": "2025-06-28T18:25:42.766Z", "Updated": "2025-06-28T18:25:42.766Z", "Citizen": 5, "Method": "GET", "Object": "Service", "RecordId": "98eaa46819a54960929ae448cfc28783", "IpAddress": "127.0.0.1", "Message": "Accessed Service: uz_service1"}}, {"model": "core.abstractlogmodel", "pk": 268, "fields": {"PublicId": "8a130cd8-0dfc-4ed3-9e53-593c5fbc5ddf", "Created": "2025-06-28T18:25:43.323Z", "Updated": "2025-06-28T18:25:43.323Z", "Citizen": 5, "Method": "GET", "Object": "Service", "RecordId": "98eaa46819a54960929ae448cfc28783", "IpAddress": "127.0.0.1", "Message": "Accessed Service: uz_service1"}}, {"model": "core.abstractlogmodel", "pk": 269, "fields": {"PublicId": "95976040-271d-4d8c-bd10-3f64d431d4b6", "Created": "2025-06-28T18:25:44.066Z", "Updated": "2025-06-28T18:25:44.066Z", "Citizen": 5, "Method": "GET", "Object": "Service", "RecordId": "98eaa46819a54960929ae448cfc28783", "IpAddress": "127.0.0.1", "Message": "Accessed Service: uz_service1"}}, {"model": "core.abstractlogmodel", "pk": 270, "fields": {"PublicId": "61f5d8ca-ae09-43c2-b798-22125be20ce3", "Created": "2025-06-28T18:25:44.595Z", "Updated": "2025-06-28T18:25:44.595Z", "Citizen": 5, "Method": "GET", "Object": "Service", "RecordId": "98eaa46819a54960929ae448cfc28783", "IpAddress": "127.0.0.1", "Message": "Accessed Service: uz_service1"}}, {"model": "core.abstractlogmodel", "pk": 271, "fields": {"PublicId": "9c0750eb-25b1-43ca-915b-57ee09824201", "Created": "2025-06-28T18:25:45.225Z", "Updated": "2025-06-28T18:25:45.225Z", "Citizen": 5, "Method": "GET", "Object": "Service", "RecordId": "98eaa46819a54960929ae448cfc28783", "IpAddress": "127.0.0.1", "Message": "Accessed Service: uz_service1"}}, {"model": "core.abstractlogmodel", "pk": 272, "fields": {"PublicId": "403b58f9-0f6b-4824-b793-40250c90b2a6", "Created": "2025-06-28T18:28:15.062Z", "Updated": "2025-06-28T18:28:15.062Z", "Citizen": 5, "Method": "GET", "Object": "Service", "RecordId": "98eaa46819a54960929ae448cfc28783", "IpAddress": "127.0.0.1", "Message": "Accessed Service: uz_service1"}}, {"model": "core.abstractlogmodel", "pk": 273, "fields": {"PublicId": "767ac3a2-69b0-4278-a011-3f1462f30f76", "Created": "2025-06-28T18:28:16.589Z", "Updated": "2025-06-28T18:28:16.589Z", "Citizen": 5, "Method": "GET", "Object": "Service", "RecordId": "98eaa46819a54960929ae448cfc28783", "IpAddress": "127.0.0.1", "Message": "Accessed Service: uz_service1"}}, {"model": "core.abstractlogmodel", "pk": 274, "fields": {"PublicId": "98a5fe9f-3ee0-40d0-b238-5b4e8dda4a2c", "Created": "2025-06-28T18:28:16.678Z", "Updated": "2025-06-28T18:28:16.678Z", "Citizen": 5, "Method": "GET", "Object": "Service", "RecordId": "98eaa46819a54960929ae448cfc28783", "IpAddress": "127.0.0.1", "Message": "Accessed Service: uz_service1"}}, {"model": "core.abstractlogmodel", "pk": 275, "fields": {"PublicId": "062f7cdd-6b40-4061-adf3-4257a8c6c73c", "Created": "2025-06-28T18:28:17.637Z", "Updated": "2025-06-28T18:28:17.637Z", "Citizen": 5, "Method": "GET", "Object": "Service", "RecordId": "98eaa46819a54960929ae448cfc28783", "IpAddress": "127.0.0.1", "Message": "Accessed Service: uz_service1"}}, {"model": "core.abstractlogmodel", "pk": 276, "fields": {"PublicId": "11c41e10-4cac-4fd8-a7c5-079055313dc8", "Created": "2025-06-28T18:28:18.339Z", "Updated": "2025-06-28T18:28:18.339Z", "Citizen": 5, "Method": "GET", "Object": "Service", "RecordId": "98eaa46819a54960929ae448cfc28783", "IpAddress": "127.0.0.1", "Message": "Accessed Service: uz_service1"}}, {"model": "core.abstractlogmodel", "pk": 277, "fields": {"PublicId": "d7e192ff-1b1b-4c2c-a867-d171014ad4d8", "Created": "2025-06-28T18:28:19.073Z", "Updated": "2025-06-28T18:28:19.073Z", "Citizen": 5, "Method": "GET", "Object": "Service", "RecordId": "98eaa46819a54960929ae448cfc28783", "IpAddress": "127.0.0.1", "Message": "Accessed Service: uz_service1"}}, {"model": "core.abstractlogmodel", "pk": 278, "fields": {"PublicId": "1f74e8ba-0611-44ea-b001-3c66e39397c8", "Created": "2025-06-28T18:28:19.732Z", "Updated": "2025-06-28T18:28:19.732Z", "Citizen": 5, "Method": "GET", "Object": "Service", "RecordId": "98eaa46819a54960929ae448cfc28783", "IpAddress": "127.0.0.1", "Message": "Accessed Service: uz_service1"}}, {"model": "core.abstractlogmodel", "pk": 279, "fields": {"PublicId": "2893e5c6-8340-481d-a1e3-235980ad1d29", "Created": "2025-06-28T18:28:20.393Z", "Updated": "2025-06-28T18:28:20.393Z", "Citizen": 5, "Method": "GET", "Object": "Service", "RecordId": "98eaa46819a54960929ae448cfc28783", "IpAddress": "127.0.0.1", "Message": "Accessed Service: uz_service1"}}, {"model": "core.abstractlogmodel", "pk": 280, "fields": {"PublicId": "093d6c80-bc7e-462e-9b23-94553af69096", "Created": "2025-06-28T18:28:23.449Z", "Updated": "2025-06-28T18:28:23.449Z", "Citizen": 5, "Method": "GET", "Object": "Service", "RecordId": "98eaa46819a54960929ae448cfc28783", "IpAddress": "127.0.0.1", "Message": "Accessed Service: uz_service1"}}, {"model": "core.abstractlogmodel", "pk": 281, "fields": {"PublicId": "48804c53-36d3-47cd-9fcb-ce7b44649574", "Created": "2025-06-28T18:28:24.924Z", "Updated": "2025-06-28T18:28:24.924Z", "Citizen": 5, "Method": "GET", "Object": "Service", "RecordId": "98eaa46819a54960929ae448cfc28783", "IpAddress": "127.0.0.1", "Message": "Accessed Service: uz_service1"}}, {"model": "core.abstractlogmodel", "pk": 282, "fields": {"PublicId": "31fee18a-3f0e-4f18-8732-9633ef47cc49", "Created": "2025-06-28T18:28:25.000Z", "Updated": "2025-06-28T18:28:25.000Z", "Citizen": 5, "Method": "GET", "Object": "Service", "RecordId": "98eaa46819a54960929ae448cfc28783", "IpAddress": "127.0.0.1", "Message": "Accessed Service: uz_service1"}}, {"model": "core.abstractlogmodel", "pk": 283, "fields": {"PublicId": "cae3d453-c843-466c-b5df-746adb669727", "Created": "2025-06-28T18:28:26.014Z", "Updated": "2025-06-28T18:28:26.014Z", "Citizen": 5, "Method": "GET", "Object": "Service", "RecordId": "98eaa46819a54960929ae448cfc28783", "IpAddress": "127.0.0.1", "Message": "Accessed Service: uz_service1"}}, {"model": "core.abstractlogmodel", "pk": 284, "fields": {"PublicId": "feb3530f-3720-4309-bdbd-2713f24d6099", "Created": "2025-06-28T18:28:26.649Z", "Updated": "2025-06-28T18:28:26.649Z", "Citizen": 5, "Method": "GET", "Object": "Service", "RecordId": "98eaa46819a54960929ae448cfc28783", "IpAddress": "127.0.0.1", "Message": "Accessed Service: uz_service1"}}, {"model": "core.abstractlogmodel", "pk": 285, "fields": {"PublicId": "45aa0d82-36d0-4d2e-ad01-17e153dc28d4", "Created": "2025-06-28T18:28:27.406Z", "Updated": "2025-06-28T18:28:27.406Z", "Citizen": 5, "Method": "GET", "Object": "Service", "RecordId": "98eaa46819a54960929ae448cfc28783", "IpAddress": "127.0.0.1", "Message": "Accessed Service: uz_service1"}}, {"model": "core.abstractlogmodel", "pk": 286, "fields": {"PublicId": "95fb84c0-8ee0-468c-9ee0-4a6485ac519c", "Created": "2025-06-28T18:28:28.045Z", "Updated": "2025-06-28T18:28:28.045Z", "Citizen": 5, "Method": "GET", "Object": "Service", "RecordId": "98eaa46819a54960929ae448cfc28783", "IpAddress": "127.0.0.1", "Message": "Accessed Service: uz_service1"}}, {"model": "core.abstractlogmodel", "pk": 287, "fields": {"PublicId": "eac11652-b042-4d4f-8249-dd36d4a1f757", "Created": "2025-06-28T18:28:28.646Z", "Updated": "2025-06-28T18:28:28.646Z", "Citizen": 5, "Method": "GET", "Object": "Service", "RecordId": "98eaa46819a54960929ae448cfc28783", "IpAddress": "127.0.0.1", "Message": "Accessed Service: uz_service1"}}, {"model": "citizen.citizen", "pk": 1, "fields": {"password": "pbkdf2_sha256$870000$mr1xnKpUYlfMzVV1CKVbmJ$+BE9+tijX+v8QgTIVYiuUjmq/XpQc07Ua/IX4W2hMaM=", "last_login": null, "PublicId": "b6cc09c7-d53f-4b18-902b-68e6a1d4cb9a", "UserName": "user1", "FirstName": "Test First Name 1", "SecondName": "testSecondName", "Surname": "testSurname", "NationalId": "4948585kdsfjsfs", "DOB": "2025-01-20T13:39:16.959Z", "Email": "testEmail1@gmail.com", "EmailVerified": false, "is_active": true, "is_superuser": false, "Created": "2025-01-20T11:41:59.563Z", "Updated": "2025-01-20T14:23:13.847Z", "groups": [], "user_permissions": []}}, {"model": "citizen.citizen", "pk": 2, "fields": {"password": "hellomanu", "last_login": null, "PublicId": "8bec7df2-7af4-4b8f-84ef-8806aef4ca51", "UserName": "user2", "FirstName": "Test First Name 1", "SecondName": "testSecondNameFix", "Surname": "testSurname", "NationalId": "4948585kdsdjdj", "DOB": "2025-01-20T13:39:16.959Z", "Email": "testEmail2@gmail.com", "EmailVerified": false, "is_active": true, "is_superuser": false, "Created": "2025-01-20T14:24:56.066Z", "Updated": "2025-02-02T09:18:05.244Z", "groups": [], "user_permissions": []}}, {"model": "citizen.citizen", "pk": 5, "fields": {"password": "pbkdf2_sha256$870000$29XnsmiLfzyS8l7wTgnhrs$2lK0QXP0eQOJzZz6HTth2c35KF5fvAa1oSd6cxep2EE=", "last_login": null, "PublicId": "58d915d3-3357-4ae4-bd52-9b849def20ee", "UserName": "user4", "FirstName": "Test First 4", "SecondName": "testSecondName", "Surname": "testSurname", "NationalId": "4948585kdj", "DOB": "2025-01-20T13:39:16.959Z", "Email": "testEmail4@gmail.com", "EmailVerified": false, "is_active": true, "is_superuser": false, "Created": "2025-01-21T09:24:17.358Z", "Updated": "2025-02-02T08:48:53.334Z", "groups": [], "user_permissions": []}}, {"model": "citizen.citizen", "pk": 6, "fields": {"password": "pbkdf2_sha256$870000$Ao1mFzCjiVsycUgfteD8Iu$i3LBlKs8CB6LWCA95v40qH0WBLoBJiPuX7PX0im2Omw=", "last_login": null, "PublicId": "a75b1818-d7af-4cc0-8324-2d2b3bd62c68", "UserName": "erlson", "FirstName": "Erlson", "SecondName": "Tadiwa", "Surname": "Madara", "NationalId": "4948585kd", "DOB": "2001-09-18T13:39:16.959Z", "Email": "erlsontmadara@gmail.com", "EmailVerified": false, "is_active": true, "is_superuser": false, "Created": "2025-01-27T10:04:26.628Z", "Updated": "2025-01-27T10:04:26.628Z", "groups": [], "user_permissions": []}}, {"model": "citizen.citizen", "pk": 7, "fields": {"password": "pbkdf2_sha256$870000$u0544k4tnRoWLJFeHPsM7n$4xsYVcGApJeorFhmcMqBvFehyFaB5IWCnE0XEuNunsg=", "last_login": null, "PublicId": "2540e0e2-1337-44fc-b5f3-ddf2f7d14639", "UserName": "user5", "FirstName": "user5", "SecondName": null, "Surname": "surname5", "NationalId": "8484jsjsjdf", "DOB": "2012-01-20T13:39:16Z", "Email": "user5@email.gmail.com", "EmailVerified": false, "is_active": true, "is_superuser": false, "Created": "2025-02-03T12:36:38.310Z", "Updated": "2025-02-03T12:36:38.310Z", "groups": [], "user_permissions": []}}, {"model": "citizen.citizen", "pk": 8, "fields": {"password": "pbkdf2_sha256$870000$58v30jL81RTXBiCMXnmDg0$vmpolgICXf5nEI1Acne0wEpBmojMJX5pgWhUQbo2YhI=", "last_login": null, "PublicId": "fd8605ef-f2c1-48f1-8042-f191c7ab921c", "UserName": "user7", "FirstName": "user7", "SecondName": null, "Surname": "surname7", "NationalId": "848jsjdf", "DOB": "2012-01-20T13:39:16Z", "Email": "user7@email.gmail.com", "EmailVerified": false, "is_active": true, "is_superuser": false, "Created": "2025-03-03T10:14:21.806Z", "Updated": "2025-03-03T10:14:21.806Z", "groups": [], "user_permissions": []}}, {"model": "citizen.citizen", "pk": 9, "fields": {"password": "pbkdf2_sha256$870000$jQDcDAiR8BFXpfeXGRq2d9$ZyOLwrxUOQavfLTTiBEVrYwQlgzI3ZSlUlkWTJsZzvU=", "last_login": null, "PublicId": "0ee6df67-b8d8-4f8b-8298-253f212664ed", "UserName": "user8", "FirstName": "user8", "SecondName": null, "Surname": "surname8", "NationalId": "848jsdf", "DOB": "2012-01-20T13:39:16Z", "Email": "user8@email.gmail.com", "EmailVerified": false, "is_active": true, "is_superuser": false, "Created": "2025-03-03T10:14:44.250Z", "Updated": "2025-03-03T10:14:44.250Z", "groups": [], "user_permissions": []}}, {"model": "citizen.citizen", "pk": 10, "fields": {"password": "pbkdf2_sha256$870000$ZAAtoh0Wa8o2JqBDZIGtgg$/aTK5nxmsUGc4cSZ2WDkYyH9dJjntldctOiTM17jsT8=", "last_login": null, "PublicId": "0f975b51-060a-4020-a3f4-f7c781d3faad", "UserName": "user9", "FirstName": "user9", "SecondName": null, "Surname": "surname9", "NationalId": "848jsdf9ppppp", "DOB": "2012-01-20T13:39:16Z", "Email": "user9@email.com", "EmailVerified": false, "is_active": true, "is_superuser": false, "Created": "2025-03-28T08:36:29.702Z", "Updated": "2025-06-28T19:21:18.406Z", "groups": [], "user_permissions": []}}, {"model": "citizen.citizen", "pk": 11, "fields": {"password": "pbkdf2_sha256$870000$FAp0wNugmZ3ebZZSCoeQxc$HBNphVLIEHV2zR4hUjR2F72DSEMimhIdLI23u/C16EQ=", "last_login": null, "PublicId": "88406c4b-e60b-499e-9a80-b9d2ede1d562", "UserName": "UITestIsername", "FirstName": "Ui Test", "SecondName": null, "Surname": "UiTest", "NationalId": "UitestId", "DOB": "2004-06-30T00:00:00Z", "Email": "uitest@gmail.com", "EmailVerified": false, "is_active": true, "is_superuser": false, "Created": "2025-03-29T07:25:04.400Z", "Updated": "2025-03-29T07:25:04.400Z", "groups": [], "user_permissions": []}}, {"model": "citizen.citizen", "pk": 12, "fields": {"password": "pbkdf2_sha256$870000$Qcga81SMFnXxhGlrbL0mqf$loMgt3iaYDHWLZYA+KWlGgGc/pLS6oatyF5SQ99Ir+E=", "last_login": null, "PublicId": "59a26205-3175-4b47-b616-f1e328c5393f", "UserName": "Number7", "FirstName": "Number 7", "SecondName": null, "Surname": "Number 7", "NationalId": "kdkdkdkddkkd", "DOB": "2017-01-28T00:00:00Z", "Email": "testEmail77@emaiil.com", "EmailVerified": false, "is_active": true, "is_superuser": false, "Created": "2025-06-27T22:52:16.427Z", "Updated": "2025-06-27T22:52:16.427Z", "groups": [], "user_permissions": []}}, {"model": "siteManager.sitemanager", "pk": 3, "fields": {"password": "pbkdf2_sha256$870000$6OAYQvqzOJdedapsKSeNI4$/9luyV8ctkNdDYjaafSJON47KdLEqIcJxanCHI8oLA4=", "last_login": null, "PublicId": "8e2a331c-d63c-43fc-98e0-751e02cafa25", "Created": "2025-01-27T10:20:39.503Z", "Updated": "2025-06-25T13:03:51.159Z", "ManagerUserName": "A3R0", "Citizen": 6, "FirstEmail": "erlsontmadara@gmail.com", "SecondEmail": "erlson@3degrees.co.zw"}}, {"model": "administrator.administrator", "pk": 1, "fields": {"password": "pbkdf2_sha256$870000$x9OECY0Gp04lBwMtHjeNAe$3TDPdy6TDjm25sVCmKh4tDJ2VLGQBUVej8j0ZKk+Azs=", "last_login": null, "PublicId": "302db681-46b2-4ca7-ba2a-121ef53ee10a", "Created": "2025-01-29T13:07:15.877Z", "Updated": "2025-01-29T13:07:15.877Z", "AdministratorUserName": "A3R0", "Citizen": 1, "FirstEmail": "admin1@gmail.com", "SecondEmail": null, "GranteeLimit": 30}}, {"model": "administrator.administrator", "pk": 2, "fields": {"password": "pbkdf2_sha256$870000$GjU9MEZ02wRCGrvQinnqIB$PZIdUpi+uj3sjpzXZBmtY3lmCE3Vu1U3gDR3HXDsfKc=", "last_login": null, "PublicId": "dd5f04e8-efac-4ae3-b079-fe6946a29cd5", "Created": "2025-02-03T12:44:21.887Z", "Updated": "2025-02-03T12:44:21.887Z", "AdministratorUserName": "AdminiDeptest", "Citizen": 7, "FirstEmail": "adminiDeptest@gmail.com", "SecondEmail": null, "GranteeLimit": 30}}, {"model": "administrator.administrator", "pk": 3, "fields": {"password": "pbkdf2_sha256$870000$D99oPza1RSzK5AhecBdoNZ$X7j11XKqPOkVbAkLEJOuVcFWM58dZ+bdyH96+270oVw=", "last_login": null, "PublicId": "f912492d-f6f5-4064-893b-c9cee0f8badf", "Created": "2025-04-02T19:49:46.303Z", "Updated": "2025-04-02T19:49:46.303Z", "AdministratorUserName": "ANewAdmin", "Citizen": 9, "FirstEmail": "newAdmin@admin.com", "SecondEmail": "newAdmin@admin.com", "GranteeLimit": 20}}, {"model": "grantee.grantee", "pk": 1, "fields": {"password": "pbkdf2_sha256$870000$l7Rh47TciX71m5nAzQYWrC$1kBteM9lKrh3471HH3a7txnhkgB19mM2LCl7iSHG1to=", "last_login": null, "PublicId": "6b605828-5c0a-4b59-9849-e67e2a90feb8", "Created": "2025-01-31T14:11:12.019Z", "Updated": "2025-06-26T21:24:02.770Z", "GranteeUserName": "grantee1", "Citizen": 5, "Administrator": 1, "Association": 2, "FirstEmail": "grantee1@gmail.com", "SecondEmail": null}}, {"model": "grantee.grantee", "pk": 2, "fields": {"password": "pbkdf2_sha256$870000$RP3xTwLb8jdOi1PlAC6hul$r/8/N2Jhm3sMc5p9LMxLCnQOblsmLUKvUHRxJPYkGaY=", "last_login": null, "PublicId": "1c3c9760-d07a-4367-a30e-6a956a88ade0", "Created": "2025-04-02T14:21:15.991Z", "Updated": "2025-06-27T21:20:50.622Z", "GranteeUserName": "grantee22", "Citizen": 11, "Administrator": 1, "Association": 4, "FirstEmail": "grantee2@email.com", "SecondEmail": null}}, {"model": "grantee.grantee", "pk": 3, "fields": {"password": "pbkdf2_sha256$870000$WOHi1Ixy36j2xMMCAmEiCK$pw5W7H3libANyvJrvsCc6iHY5x5irEfUNuHQl1zfEi4=", "last_login": null, "PublicId": "ad09ad1f-6b6a-43da-9f62-8d91358a0596", "Created": "2025-04-03T06:45:50.205Z", "Updated": "2025-04-03T06:45:50.205Z", "GranteeUserName": "UzGrantee", "Citizen": 10, "Administrator": 3, "Association": 6, "FirstEmail": "grantee3@email.com", "SecondEmail": "grantee3@email.com"}}, {"model": "department.department", "pk": 16, "fields": {"PublicId": "9bd7083b-637a-4028-91e7-4971883c3170", "Created": "2025-02-03T13:30:16.868Z", "Updated": "2025-04-02T09:52:24.876Z", "Title": "department ui", "Administrator": 1, "Description": "for testing purposes 2", "Email": "department2025@gmail.com", "Telephone": "07782827400", "Website": "https://www.internetdownloadmanager.com/download2.html"}}, {"model": "department.department", "pk": 17, "fields": {"PublicId": "9cb357d9-ccd9-4d2a-abe9-391ff8e3fda7", "Created": "2025-04-03T06:24:03.042Z", "Updated": "2025-04-03T06:24:03.042Z", "Title": "Ministry of uz", "Administrator": 3, "Description": "uz stuff", "Email": "uz@their.email.com", "Telephone": "07782827", "Website": "https://emhare.uz.ac.zw/Users/login"}}, {"model": "association.association", "pk": 1, "fields": {"PublicId": "95498a7d-c33e-4593-8e6d-4767c1447a9a", "Created": "2025-02-03T13:30:16.893Z", "Updated": "2025-06-27T22:08:27.877Z", "Title": "association1900", "Email": "association1@gmail.com", "Department": 16, "Description": "association1 description", "Website": "https://www.internetdownloadmanager.com/download2.html"}}, {"model": "association.association", "pk": 2, "fields": {"PublicId": "b7026842-9649-4957-af28-8eebbc036d37", "Created": "2025-02-03T13:39:16.388Z", "Updated": "2025-06-27T22:02:47.524Z", "Title": "association2222", "Email": "association2@gmail.com", "Department": 16, "Description": "association2 description", "Website": "https://www.internetdownloadmanager.com/download2.html"}}, {"model": "association.association", "pk": 4, "fields": {"PublicId": "7d834605-9c93-413a-8f07-4fb3d0a15f22", "Created": "2025-04-02T12:30:23.661Z", "Updated": "2025-04-02T12:30:23.661Z", "Title": "association test", "Email": "aaaa@association.com", "Department": 16, "Description": "description", "Website": "https://google.com"}}, {"model": "association.association", "pk": 5, "fields": {"PublicId": "a6d8a9b8-01ca-4e96-bf08-04d2dd4c69a8", "Created": "2025-04-02T17:49:32.214Z", "Updated": "2025-04-02T17:49:32.215Z", "Title": "Passport Test", "Email": "passport@gov.ac.zw", "Department": 16, "Description": "an association", "Website": "https://google.com"}}, {"model": "association.association", "pk": 6, "fields": {"PublicId": "770b00b1-5481-44ed-b68c-48ab3bbc9d35", "Created": "2025-04-03T06:24:40.873Z", "Updated": "2025-04-03T06:24:40.873Z", "Title": "Uz test", "Email": "uz@their.email.com", "Department": 17, "Description": "uz stuff", "Website": "https://emhare.uz.ac.zw/Users/login"}}, {"model": "association.association", "pk": 7, "fields": {"PublicId": "e9e5a583-8bff-4056-93d5-d3a2d4425674", "Created": "2025-04-03T09:25:14.929Z", "Updated": "2025-04-03T09:25:14.929Z", "Title": "testAdminui", "Email": "admin.ui@gmail.com", "Department": 16, "Description": "test admin ui", "Website": "https://cpc.org.zw/index.php/about-us/"}}, {"model": "publicService.publicservice", "pk": 4, "fields": {"PublicId": "59492fdc-173c-4232-b548-c782d0009b8c", "Created": "2025-02-27T08:22:31.224Z", "Updated": "2025-06-27T21:20:14.917Z", "Title": "testService", "MachineName": "testServiceop", "Description": "testService Description", "Email": "testService205@gmail.com", "Association": 2, "Restricted": false, "URL": "http://127.0.0.1:8000/api/", "Visibility": true, "Grantee": [1], "Methods": []}}, {"model": "publicService.publicservice", "pk": 5, "fields": {"PublicId": "10cd455a-4517-4794-bb2b-0fe4edbbe88a", "Created": "2025-04-02T06:31:40.140Z", "Updated": "2025-06-26T06:56:11.470Z", "Title": "Google2", "MachineName": "google", "Description": "Describe google", "Email": "testEmail1@gmail.com", "Association": 2, "Restricted": false, "URL": "https://www.google.com/", "Visibility": true, "Grantee": [1], "Methods": []}}, {"model": "publicService.publicservice", "pk": 6, "fields": {"PublicId": "98eaa468-19a5-4960-929a-e448cfc28783", "Created": "2025-04-03T06:59:36.131Z", "Updated": "2025-05-05T14:30:45.929Z", "Title": "UzService", "MachineName": "uz_service1", "Description": "uz stuff", "Email": "uz@their.email.com", "Association": 6, "Restricted": false, "URL": "https://www.zimra.co.zw/", "Visibility": true, "Grantee": [3], "Methods": []}}, {"model": "publicService.publicservice", "pk": 7, "fields": {"PublicId": "2fba4ea6-0622-46d5-8906-0967db4286e1", "Created": "2025-04-03T08:14:27.501Z", "Updated": "2025-06-28T18:30:43.735Z", "Title": "Entertainment", "MachineName": "anime", "Description": "test admin ui", "Email": "ui@gmail.com", "Association": 2, "Restricted": false, "URL": "https://9animetv.to/", "Visibility": true, "Grantee": [1], "Methods": []}}, {"model": "publicService.publicservice", "pk": 10, "fields": {"PublicId": "87e3ea8e-3082-41d4-90d2-21f989b0142f", "Created": "2025-06-27T22:09:42.614Z", "Updated": "2025-06-27T22:09:42.636Z", "Title": "djdjdj", "MachineName": "djdjfff", "Description": "djdjdjdj", "Email": "gggle@gmail.com", "Association": 4, "Restricted": false, "URL": "https://www.ggle.com/", "Visibility": true, "Grantee": [2], "Methods": []}}, {"model": "publicService.publicservice", "pk": 11, "fields": {"PublicId": "1e06db41-3722-4cbe-93f6-0baa47386741", "Created": "2025-06-27T22:12:54.394Z", "Updated": "2025-06-27T22:12:54.402Z", "Title": "ggggg", "MachineName": "gggggg", "Description": "gggggg", "Email": "e@gmail.com", "Association": 4, "Restricted": true, "URL": "https://www.e.com/", "Visibility": true, "Grantee": [2], "Methods": []}}, {"model": "request.request", "pk": 1, "fields": {"PublicId": "e2c9fc96-df45-4d7c-aa20-1d85f496b5f7", "Created": "2025-03-03T10:29:56.032Z", "Updated": "2025-03-03T10:29:56.032Z", "Subject": "Trial Test", "Citizen": 9, "PublicService": 4, "Message": "Trying out for the service"}}, {"model": "request.request", "pk": 2, "fields": {"PublicId": "409ffe69-0736-4903-b9f1-2d08d017acc3", "Created": "2025-04-02T10:42:32.985Z", "Updated": "2025-04-02T10:42:32.985Z", "Subject": "Request google", "Citizen": 9, "PublicService": 5, "Message": "heillo"}}, {"model": "request.request", "pk": 3, "fields": {"PublicId": "427a9c5d-08a3-40de-a00c-1d48ceeab943", "Created": "2025-04-02T12:54:54.883Z", "Updated": "2025-04-02T12:54:54.883Z", "Subject": "Google access", "Citizen": 1, "PublicService": 5, "Message": "i want do some research"}}, {"model": "request.request", "pk": 5, "fields": {"PublicId": "ea3f72b8-a59c-4e9d-80b5-e5639cad9fcb", "Created": "2025-06-28T07:58:33.457Z", "Updated": "2025-06-28T07:58:33.457Z", "Subject": "Google access", "Citizen": 5, "PublicService": 10, "Message": "kfkfkfk"}}, {"model": "request.request", "pk": 6, "fields": {"PublicId": "f360d1d6-d072-4aeb-9ec3-09cc23f0428d", "Created": "2025-06-28T17:53:00.055Z", "Updated": "2025-06-28T17:53:00.055Z", "Subject": "gg access", "Citizen": 10, "PublicService": 11, "Message": "jdjdjdj"}}, {"model": "grant.grant", "pk": 1, "fields": {"PublicId": "c4917d9c-d594-45b9-9358-6e1aeed051ce", "Created": "2025-03-03T10:29:56.047Z", "Updated": "2025-04-03T11:33:59.455Z", "Message": "Youve been granted permission", "Request": 1, "Grantee": 1, "Decline": false, "StartDate": "2025-04-03T13:31:00Z", "EndDate": "2025-04-11T13:31:00Z"}}, {"model": "grant.grant", "pk": 2, "fields": {"PublicId": "3b281780-d025-4130-9040-7087308db318", "Created": "2025-04-02T10:42:33.004Z", "Updated": "2025-06-27T21:09:26.832Z", "Message": "Your request has been approved", "Request": 2, "Grantee": 1, "Decline": false, "StartDate": "2025-06-26T22:14:00Z", "EndDate": "2025-07-10T22:14:00Z"}}, {"model": "grant.grant", "pk": 3, "fields": {"PublicId": "2b589dbf-daf8-4002-bf99-bed3208dfd30", "Created": "2025-04-02T12:54:54.896Z", "Updated": "2025-06-28T19:10:58.955Z", "Message": "N/A", "Request": 3, "Grantee": 1, "Decline": true, "StartDate": null, "EndDate": null}}, {"model": "grant.grant", "pk": 5, "fields": {"PublicId": "fd932112-90a2-464c-8362-c67c826ca9ff", "Created": "2025-06-28T07:58:33.483Z", "Updated": "2025-06-28T07:58:33.483Z", "Message": "N/A", "Request": 5, "Grantee": null, "Decline": false, "StartDate": null, "EndDate": null}}, {"model": "grant.grant", "pk": 6, "fields": {"PublicId": "1fb7b46d-d08d-41e5-b9d1-4539bf51228f", "Created": "2025-06-28T17:53:00.060Z", "Updated": "2025-06-28T17:53:00.060Z", "Message": "N/A", "Request": 6, "Grantee": null, "Decline": false, "StartDate": null, "EndDate": null}}, {"model": "servicePermissions.publicservicepermission", "pk": 3, "fields": {"PublicService": 6}}, {"model": "servicePermissions.publicservicepermission", "pk": 5, "fields": {"PublicService": 5}}, {"model": "servicePermissions.publicservicepermission", "pk": 13, "fields": {"PublicService": 7}}, {"model": "servicePermissions.publicservicepermission", "pk": 14, "fields": {"PublicService": 7}}, {"model": "servicePermissions.publicservicepermission", "pk": 16, "fields": {"PublicService": 7}}, {"model": "servicePermissions.associationpermission", "pk": 4, "fields": {"Association": 5}}, {"model": "servicePermissions.associationpermission", "pk": 6, "fields": {"Association": 1}}, {"model": "servicePermissions.associationpermission", "pk": 8, "fields": {"Association": 7}}, {"model": "servicePermissions.departmentpermission", "pk": 1, "fields": {"Department": 16}}, {"model": "servicePermissions.departmentpermission", "pk": 9, "fields": {"Department": 16}}, {"model": "servicePermissions.departmentpermission", "pk": 11, "fields": {"Department": 16}}, {"model": "servicePermissions.departmentpermission", "pk": 12, "fields": {"Department": 17}}, {"model": "systemLog.citizenlog", "pk": 4, "fields": {}}, {"model": "systemLog.citizenlog", "pk": 5, "fields": {}}, {"model": "systemLog.citizenlog", "pk": 6, "fields": {}}, {"model": "systemLog.citizenlog", "pk": 7, "fields": {}}, {"model": "systemLog.citizenlog", "pk": 8, "fields": {}}, {"model": "systemLog.citizenlog", "pk": 9, "fields": {}}, {"model": "systemLog.citizenlog", "pk": 10, "fields": {}}, {"model": "systemLog.citizenlog", "pk": 11, "fields": {}}, {"model": "systemLog.citizenlog", "pk": 12, "fields": {}}, {"model": "systemLog.citizenlog", "pk": 13, "fields": {}}, {"model": "systemLog.citizenlog", "pk": 14, "fields": {}}, {"model": "systemLog.citizenlog", "pk": 15, "fields": {}}, {"model": "systemLog.citizenlog", "pk": 16, "fields": {}}, {"model": "systemLog.citizenlog", "pk": 17, "fields": {}}, {"model": "systemLog.citizenlog", "pk": 18, "fields": {}}, {"model": "systemLog.citizenlog", "pk": 19, "fields": {}}, {"model": "systemLog.citizenlog", "pk": 20, "fields": {}}, {"model": "systemLog.citizenlog", "pk": 21, "fields": {}}, {"model": "systemLog.citizenlog", "pk": 22, "fields": {}}, {"model": "systemLog.citizenlog", "pk": 23, "fields": {}}, {"model": "systemLog.citizenlog", "pk": 24, "fields": {}}, {"model": "systemLog.citizenlog", "pk": 25, "fields": {}}, {"model": "systemLog.citizenlog", "pk": 26, "fields": {}}, {"model": "systemLog.citizenlog", "pk": 27, "fields": {}}, {"model": "systemLog.citizenlog", "pk": 28, "fields": {}}, {"model": "systemLog.citizenlog", "pk": 29, "fields": {}}, {"model": "systemLog.citizenlog", "pk": 30, "fields": {}}, {"model": "systemLog.citizenlog", "pk": 31, "fields": {}}, {"model": "systemLog.citizenlog", "pk": 32, "fields": {}}, {"model": "systemLog.citizenlog", "pk": 33, "fields": {}}, {"model": "systemLog.citizenlog", "pk": 34, "fields": {}}, {"model": "systemLog.citizenlog", "pk": 35, "fields": {}}, {"model": "systemLog.citizenlog", "pk": 36, "fields": {}}, {"model": "systemLog.citizenlog", "pk": 37, "fields": {}}, {"model": "systemLog.citizenlog", "pk": 38, "fields": {}}, {"model": "systemLog.citizenlog", "pk": 39, "fields": {}}, {"model": "systemLog.citizenlog", "pk": 40, "fields": {}}, {"model": "systemLog.citizenlog", "pk": 41, "fields": {}}, {"model": "systemLog.citizenlog", "pk": 42, "fields": {}}, {"model": "systemLog.citizenlog", "pk": 43, "fields": {}}, {"model": "systemLog.citizenlog", "pk": 44, "fields": {}}, {"model": "systemLog.citizenlog", "pk": 45, "fields": {}}, {"model": "systemLog.citizenlog", "pk": 46, "fields": {}}, {"model": "systemLog.citizenlog", "pk": 47, "fields": {}}, {"model": "systemLog.citizenlog", "pk": 48, "fields": {}}, {"model": "systemLog.citizenlog", "pk": 49, "fields": {}}, {"model": "systemLog.citizenlog", "pk": 50, "fields": {}}, {"model": "systemLog.citizenlog", "pk": 51, "fields": {}}, {"model": "systemLog.citizenlog", "pk": 52, "fields": {}}, {"model": "systemLog.citizenlog", "pk": 53, "fields": {}}, {"model": "systemLog.citizenlog", "pk": 54, "fields": {}}, {"model": "systemLog.citizenlog", "pk": 55, "fields": {}}, {"model": "systemLog.citizenlog", "pk": 56, "fields": {}}, {"model": "systemLog.citizenlog", "pk": 57, "fields": {}}, {"model": "systemLog.citizenlog", "pk": 58, "fields": {}}, {"model": "systemLog.citizenlog", "pk": 59, "fields": {}}, {"model": "systemLog.citizenlog", "pk": 60, "fields": {}}, {"model": "systemLog.citizenlog", "pk": 61, "fields": {}}, {"model": "systemLog.citizenlog", "pk": 62, "fields": {}}, {"model": "systemLog.citizenlog", "pk": 63, "fields": {}}, {"model": "systemLog.citizenlog", "pk": 64, "fields": {}}, {"model": "systemLog.citizenlog", "pk": 65, "fields": {}}, {"model": "systemLog.citizenlog", "pk": 66, "fields": {}}, {"model": "systemLog.citizenlog", "pk": 67, "fields": {}}, {"model": "systemLog.citizenlog", "pk": 68, "fields": {}}, {"model": "systemLog.citizenlog", "pk": 69, "fields": {}}, {"model": "systemLog.citizenlog", "pk": 70, "fields": {}}, {"model": "systemLog.citizenlog", "pk": 71, "fields": {}}, {"model": "systemLog.citizenlog", "pk": 72, "fields": {}}, {"model": "systemLog.citizenlog", "pk": 73, "fields": {}}, {"model": "systemLog.citizenlog", "pk": 74, "fields": {}}, {"model": "systemLog.citizenlog", "pk": 75, "fields": {}}, {"model": "systemLog.citizenlog", "pk": 76, "fields": {}}, {"model": "systemLog.citizenlog", "pk": 77, "fields": {}}, {"model": "systemLog.citizenlog", "pk": 78, "fields": {}}, {"model": "systemLog.citizenlog", "pk": 79, "fields": {}}, {"model": "systemLog.citizenlog", "pk": 80, "fields": {}}, {"model": "systemLog.citizenlog", "pk": 81, "fields": {}}, {"model": "systemLog.citizenlog", "pk": 82, "fields": {}}, {"model": "systemLog.citizenlog", "pk": 83, "fields": {}}, {"model": "systemLog.citizenlog", "pk": 84, "fields": {}}, {"model": "systemLog.citizenlog", "pk": 85, "fields": {}}, {"model": "systemLog.citizenlog", "pk": 86, "fields": {}}, {"model": "systemLog.citizenlog", "pk": 87, "fields": {}}, {"model": "systemLog.citizenlog", "pk": 88, "fields": {}}, {"model": "systemLog.citizenlog", "pk": 89, "fields": {}}, {"model": "systemLog.citizenlog", "pk": 90, "fields": {}}, {"model": "systemLog.citizenlog", "pk": 91, "fields": {}}, {"model": "systemLog.citizenlog", "pk": 92, "fields": {}}, {"model": "systemLog.citizenlog", "pk": 93, "fields": {}}, {"model": "systemLog.citizenlog", "pk": 94, "fields": {}}, {"model": "systemLog.citizenlog", "pk": 95, "fields": {}}, {"model": "systemLog.citizenlog", "pk": 96, "fields": {}}, {"model": "systemLog.citizenlog", "pk": 97, "fields": {}}, {"model": "systemLog.citizenlog", "pk": 98, "fields": {}}, {"model": "systemLog.citizenlog", "pk": 99, "fields": {}}, {"model": "systemLog.citizenlog", "pk": 100, "fields": {}}, {"model": "systemLog.citizenlog", "pk": 101, "fields": {}}, {"model": "systemLog.citizenlog", "pk": 102, "fields": {}}, {"model": "systemLog.citizenlog", "pk": 103, "fields": {}}, {"model": "systemLog.citizenlog", "pk": 104, "fields": {}}, {"model": "systemLog.citizenlog", "pk": 105, "fields": {}}, {"model": "systemLog.citizenlog", "pk": 106, "fields": {}}, {"model": "systemLog.citizenlog", "pk": 107, "fields": {}}, {"model": "systemLog.citizenlog", "pk": 108, "fields": {}}, {"model": "systemLog.citizenlog", "pk": 109, "fields": {}}, {"model": "systemLog.citizenlog", "pk": 110, "fields": {}}, {"model": "systemLog.citizenlog", "pk": 111, "fields": {}}, {"model": "systemLog.citizenlog", "pk": 112, "fields": {}}, {"model": "systemLog.citizenlog", "pk": 113, "fields": {}}, {"model": "systemLog.citizenlog", "pk": 114, "fields": {}}, {"model": "systemLog.citizenlog", "pk": 115, "fields": {}}, {"model": "systemLog.citizenlog", "pk": 116, "fields": {}}, {"model": "systemLog.citizenlog", "pk": 117, "fields": {}}, {"model": "systemLog.citizenlog", "pk": 118, "fields": {}}, {"model": "systemLog.citizenlog", "pk": 119, "fields": {}}, {"model": "systemLog.citizenlog", "pk": 120, "fields": {}}, {"model": "systemLog.citizenlog", "pk": 121, "fields": {}}, {"model": "systemLog.citizenlog", "pk": 122, "fields": {}}, {"model": "systemLog.citizenlog", "pk": 123, "fields": {}}, {"model": "systemLog.citizenlog", "pk": 124, "fields": {}}, {"model": "systemLog.citizenlog", "pk": 125, "fields": {}}, {"model": "systemLog.citizenlog", "pk": 126, "fields": {}}, {"model": "systemLog.citizenlog", "pk": 127, "fields": {}}, {"model": "systemLog.citizenlog", "pk": 128, "fields": {}}, {"model": "systemLog.citizenlog", "pk": 129, "fields": {}}, {"model": "systemLog.citizenlog", "pk": 130, "fields": {}}, {"model": "systemLog.citizenlog", "pk": 131, "fields": {}}, {"model": "systemLog.citizenlog", "pk": 132, "fields": {}}, {"model": "systemLog.citizenlog", "pk": 133, "fields": {}}, {"model": "systemLog.citizenlog", "pk": 134, "fields": {}}, {"model": "systemLog.citizenlog", "pk": 135, "fields": {}}, {"model": "systemLog.citizenlog", "pk": 136, "fields": {}}, {"model": "systemLog.citizenlog", "pk": 137, "fields": {}}, {"model": "systemLog.citizenlog", "pk": 138, "fields": {}}, {"model": "systemLog.citizenlog", "pk": 139, "fields": {}}, {"model": "systemLog.citizenlog", "pk": 140, "fields": {}}, {"model": "systemLog.citizenlog", "pk": 141, "fields": {}}, {"model": "systemLog.citizenlog", "pk": 143, "fields": {}}, {"model": "systemLog.citizenlog", "pk": 145, "fields": {}}, {"model": "systemLog.citizenlog", "pk": 147, "fields": {}}, {"model": "systemLog.citizenlog", "pk": 148, "fields": {}}, {"model": "systemLog.citizenlog", "pk": 149, "fields": {}}, {"model": "systemLog.citizenlog", "pk": 150, "fields": {}}, {"model": "systemLog.citizenlog", "pk": 151, "fields": {}}, {"model": "systemLog.citizenlog", "pk": 152, "fields": {}}, {"model": "systemLog.citizenlog", "pk": 153, "fields": {}}, {"model": "systemLog.citizenlog", "pk": 154, "fields": {}}, {"model": "systemLog.citizenlog", "pk": 155, "fields": {}}, {"model": "systemLog.citizenlog", "pk": 156, "fields": {}}, {"model": "systemLog.citizenlog", "pk": 157, "fields": {}}, {"model": "systemLog.citizenlog", "pk": 158, "fields": {}}, {"model": "systemLog.citizenlog", "pk": 159, "fields": {}}, {"model": "systemLog.citizenlog", "pk": 160, "fields": {}}, {"model": "systemLog.citizenlog", "pk": 161, "fields": {}}, {"model": "systemLog.citizenlog", "pk": 162, "fields": {}}, {"model": "systemLog.citizenlog", "pk": 163, "fields": {}}, {"model": "systemLog.citizenlog", "pk": 164, "fields": {}}, {"model": "systemLog.citizenlog", "pk": 165, "fields": {}}, {"model": "systemLog.citizenlog", "pk": 166, "fields": {}}, {"model": "systemLog.citizenlog", "pk": 167, "fields": {}}, {"model": "systemLog.citizenlog", "pk": 168, "fields": {}}, {"model": "systemLog.citizenlog", "pk": 169, "fields": {}}, {"model": "systemLog.citizenlog", "pk": 170, "fields": {}}, {"model": "systemLog.citizenlog", "pk": 171, "fields": {}}, {"model": "systemLog.citizenlog", "pk": 172, "fields": {}}, {"model": "systemLog.citizenlog", "pk": 173, "fields": {}}, {"model": "systemLog.citizenlog", "pk": 174, "fields": {}}, {"model": "systemLog.citizenlog", "pk": 175, "fields": {}}, {"model": "systemLog.citizenlog", "pk": 176, "fields": {}}, {"model": "systemLog.citizenlog", "pk": 177, "fields": {}}, {"model": "systemLog.citizenlog", "pk": 178, "fields": {}}, {"model": "systemLog.citizenlog", "pk": 180, "fields": {}}, {"model": "systemLog.citizenlog", "pk": 181, "fields": {}}, {"model": "systemLog.citizenlog", "pk": 182, "fields": {}}, {"model": "systemLog.citizenlog", "pk": 183, "fields": {}}, {"model": "systemLog.citizenlog", "pk": 184, "fields": {}}, {"model": "systemLog.citizenlog", "pk": 185, "fields": {}}, {"model": "systemLog.citizenlog", "pk": 186, "fields": {}}, {"model": "systemLog.citizenlog", "pk": 187, "fields": {}}, {"model": "systemLog.citizenlog", "pk": 188, "fields": {}}, {"model": "systemLog.citizenlog", "pk": 189, "fields": {}}, {"model": "systemLog.citizenlog", "pk": 190, "fields": {}}, {"model": "systemLog.citizenlog", "pk": 191, "fields": {}}, {"model": "systemLog.citizenlog", "pk": 192, "fields": {}}, {"model": "systemLog.citizenlog", "pk": 193, "fields": {}}, {"model": "systemLog.citizenlog", "pk": 194, "fields": {}}, {"model": "systemLog.citizenlog", "pk": 195, "fields": {}}, {"model": "systemLog.citizenlog", "pk": 196, "fields": {}}, {"model": "systemLog.citizenlog", "pk": 197, "fields": {}}, {"model": "systemLog.citizenlog", "pk": 198, "fields": {}}, {"model": "systemLog.citizenlog", "pk": 199, "fields": {}}, {"model": "systemLog.citizenlog", "pk": 200, "fields": {}}, {"model": "systemLog.citizenlog", "pk": 201, "fields": {}}, {"model": "systemLog.citizenlog", "pk": 202, "fields": {}}, {"model": "systemLog.citizenlog", "pk": 203, "fields": {}}, {"model": "systemLog.citizenlog", "pk": 204, "fields": {}}, {"model": "systemLog.citizenlog", "pk": 205, "fields": {}}, {"model": "systemLog.citizenlog", "pk": 206, "fields": {}}, {"model": "systemLog.citizenlog", "pk": 207, "fields": {}}, {"model": "systemLog.citizenlog", "pk": 208, "fields": {}}, {"model": "systemLog.citizenlog", "pk": 209, "fields": {}}, {"model": "systemLog.citizenlog", "pk": 210, "fields": {}}, {"model": "systemLog.citizenlog", "pk": 211, "fields": {}}, {"model": "systemLog.citizenlog", "pk": 212, "fields": {}}, {"model": "systemLog.citizenlog", "pk": 213, "fields": {}}, {"model": "systemLog.citizenlog", "pk": 214, "fields": {}}, {"model": "systemLog.citizenlog", "pk": 215, "fields": {}}, {"model": "systemLog.citizenlog", "pk": 216, "fields": {}}, {"model": "systemLog.citizenlog", "pk": 217, "fields": {}}, {"model": "systemLog.citizenlog", "pk": 218, "fields": {}}, {"model": "systemLog.citizenlog", "pk": 220, "fields": {}}, {"model": "systemLog.citizenlog", "pk": 222, "fields": {}}, {"model": "systemLog.citizenlog", "pk": 223, "fields": {}}, {"model": "systemLog.citizenlog", "pk": 224, "fields": {}}, {"model": "systemLog.citizenlog", "pk": 225, "fields": {}}, {"model": "systemLog.citizenlog", "pk": 226, "fields": {}}, {"model": "systemLog.citizenlog", "pk": 227, "fields": {}}, {"model": "systemLog.citizenlog", "pk": 228, "fields": {}}, {"model": "systemLog.citizenlog", "pk": 229, "fields": {}}, {"model": "systemLog.citizenlog", "pk": 230, "fields": {}}, {"model": "systemLog.citizenlog", "pk": 231, "fields": {}}, {"model": "systemLog.citizenlog", "pk": 232, "fields": {}}, {"model": "systemLog.citizenlog", "pk": 233, "fields": {}}, {"model": "systemLog.citizenlog", "pk": 234, "fields": {}}, {"model": "systemLog.citizenlog", "pk": 235, "fields": {}}, {"model": "systemLog.citizenlog", "pk": 236, "fields": {}}, {"model": "systemLog.citizenlog", "pk": 237, "fields": {}}, {"model": "systemLog.citizenlog", "pk": 238, "fields": {}}, {"model": "systemLog.citizenlog", "pk": 239, "fields": {}}, {"model": "systemLog.citizenlog", "pk": 240, "fields": {}}, {"model": "systemLog.citizenlog", "pk": 241, "fields": {}}, {"model": "systemLog.citizenlog", "pk": 242, "fields": {}}, {"model": "systemLog.citizenlog", "pk": 243, "fields": {}}, {"model": "systemLog.citizenlog", "pk": 244, "fields": {}}, {"model": "systemLog.citizenlog", "pk": 245, "fields": {}}, {"model": "systemLog.citizenlog", "pk": 246, "fields": {}}, {"model": "systemLog.citizenlog", "pk": 247, "fields": {}}, {"model": "systemLog.citizenlog", "pk": 248, "fields": {}}, {"model": "systemLog.citizenlog", "pk": 249, "fields": {}}, {"model": "systemLog.citizenlog", "pk": 250, "fields": {}}, {"model": "systemLog.citizenlog", "pk": 251, "fields": {}}, {"model": "systemLog.citizenlog", "pk": 252, "fields": {}}, {"model": "systemLog.citizenlog", "pk": 253, "fields": {}}, {"model": "systemLog.citizenlog", "pk": 254, "fields": {}}, {"model": "systemLog.citizenlog", "pk": 255, "fields": {}}, {"model": "systemLog.citizenlog", "pk": 256, "fields": {}}, {"model": "systemLog.citizenlog", "pk": 257, "fields": {}}, {"model": "systemLog.citizenlog", "pk": 258, "fields": {}}, {"model": "systemLog.citizenlog", "pk": 259, "fields": {}}, {"model": "systemLog.citizenlog", "pk": 260, "fields": {}}, {"model": "systemLog.citizenlog", "pk": 261, "fields": {}}, {"model": "systemLog.citizenlog", "pk": 262, "fields": {}}, {"model": "systemLog.citizenlog", "pk": 263, "fields": {}}, {"model": "systemLog.citizenlog", "pk": 264, "fields": {}}, {"model": "systemLog.citizenlog", "pk": 265, "fields": {}}, {"model": "systemLog.citizenlog", "pk": 266, "fields": {}}, {"model": "systemLog.citizenlog", "pk": 267, "fields": {}}, {"model": "systemLog.citizenlog", "pk": 268, "fields": {}}, {"model": "systemLog.citizenlog", "pk": 269, "fields": {}}, {"model": "systemLog.citizenlog", "pk": 270, "fields": {}}, {"model": "systemLog.citizenlog", "pk": 271, "fields": {}}, {"model": "systemLog.citizenlog", "pk": 272, "fields": {}}, {"model": "systemLog.citizenlog", "pk": 273, "fields": {}}, {"model": "systemLog.citizenlog", "pk": 274, "fields": {}}, {"model": "systemLog.citizenlog", "pk": 275, "fields": {}}, {"model": "systemLog.citizenlog", "pk": 276, "fields": {}}, {"model": "systemLog.citizenlog", "pk": 277, "fields": {}}, {"model": "systemLog.citizenlog", "pk": 278, "fields": {}}, {"model": "systemLog.citizenlog", "pk": 279, "fields": {}}, {"model": "systemLog.citizenlog", "pk": 280, "fields": {}}, {"model": "systemLog.citizenlog", "pk": 281, "fields": {}}, {"model": "systemLog.citizenlog", "pk": 282, "fields": {}}, {"model": "systemLog.citizenlog", "pk": 283, "fields": {}}, {"model": "systemLog.citizenlog", "pk": 284, "fields": {}}, {"model": "systemLog.citizenlog", "pk": 285, "fields": {}}, {"model": "systemLog.citizenlog", "pk": 286, "fields": {}}, {"model": "systemLog.citizenlog", "pk": 287, "fields": {}}, {"model": "systemLog.sitemanagerlog", "pk": 3, "fields": {"SiteManager": "8e2a331cd63c43fc98e0751e02cafa25"}}, {"model": "systemLog.sitemanagerlog", "pk": 142, "fields": {"SiteManager": "8e2a331cd63c43fc98e0751e02cafa25"}}, {"model": "systemLog.sitemanagerlog", "pk": 144, "fields": {"SiteManager": "8e2a331cd63c43fc98e0751e02cafa25"}}, {"model": "systemLog.sitemanagerlog", "pk": 146, "fields": {"SiteManager": "8e2a331cd63c43fc98e0751e02cafa25"}}, {"model": "systemLog.sitemanagerlog", "pk": 179, "fields": {"SiteManager": "8e2a331cd63c43fc98e0751e02cafa25"}}, {"model": "systemLog.sitemanagerlog", "pk": 219, "fields": {"SiteManager": "8e2a331cd63c43fc98e0751e02cafa25"}}, {"model": "systemLog.sitemanagerlog", "pk": 221, "fields": {"SiteManager": "8e2a331cd63c43fc98e0751e02cafa25"}}, {"model": "serviceSession.servicesession", "pk": 1, "fields": {"PublicId": "49074ae2-1231-4252-996c-27db10af6b5c", "Created": "2025-05-12T14:50:50.456Z", "Updated": "2025-05-12T14:50:50.456Z", "Citizen": 10, "Service": 6, "IpAddress": "::1", "LastSeen": null, "EnforceExpiry": false}}, {"model": "serviceSession.servicesession", "pk": 2, "fields": {"PublicId": "21c56c48-67fe-4905-9539-911fb0a6bfcf", "Created": "2025-05-12T14:51:49.054Z", "Updated": "2025-05-12T14:51:49.054Z", "Citizen": 10, "Service": 6, "IpAddress": "::1", "LastSeen": null, "EnforceExpiry": false}}, {"model": "serviceSession.servicesession", "pk": 3, "fields": {"PublicId": "568eeb34-bf59-45ad-92af-199689c984e7", "Created": "2025-05-12T14:53:42.494Z", "Updated": "2025-05-12T14:53:42.494Z", "Citizen": 10, "Service": 6, "IpAddress": "::1", "LastSeen": null, "EnforceExpiry": false}}, {"model": "serviceSession.servicesession", "pk": 4, "fields": {"PublicId": "1463cfb3-c1dc-4817-b0e9-beabdfc7a9e1", "Created": "2025-05-13T13:46:28.671Z", "Updated": "2025-05-13T13:46:28.671Z", "Citizen": 10, "Service": 6, "IpAddress": "::1", "LastSeen": null, "EnforceExpiry": false}}, {"model": "serviceSession.servicesession", "pk": 5, "fields": {"PublicId": "d2803d7a-5a09-47e0-bf7b-97d374683dd1", "Created": "2025-05-13T15:46:48.490Z", "Updated": "2025-05-13T15:46:48.490Z", "Citizen": 10, "Service": 6, "IpAddress": "::1", "LastSeen": null, "EnforceExpiry": false}}, {"model": "serviceSession.servicesession", "pk": 6, "fields": {"PublicId": "4774f0ce-9547-41b5-b3fd-2a342de3fddd", "Created": "2025-05-15T22:23:49.433Z", "Updated": "2025-05-15T22:23:49.433Z", "Citizen": 10, "Service": 6, "IpAddress": "::1", "LastSeen": null, "EnforceExpiry": false}}, {"model": "serviceSession.servicesession", "pk": 7, "fields": {"PublicId": "97d16801-c12e-4ab6-a519-28de6f69674e", "Created": "2025-05-15T22:34:30.486Z", "Updated": "2025-05-15T22:34:30.486Z", "Citizen": 10, "Service": 6, "IpAddress": "127.0.0.1", "LastSeen": null, "EnforceExpiry": false}}, {"model": "serviceSession.servicesession", "pk": 11, "fields": {"PublicId": "2a97e5b6-9d04-4b8d-a5bf-6c7434aa5196", "Created": "2025-05-22T08:40:46.769Z", "Updated": "2025-05-22T08:40:46.769Z", "Citizen": 10, "Service": 6, "IpAddress": "::1", "LastSeen": null, "EnforceExpiry": false}}, {"model": "serviceSession.servicesession", "pk": 12, "fields": {"PublicId": "c11b6835-c068-4906-ae98-ef06e990875f", "Created": "2025-05-22T09:14:07.305Z", "Updated": "2025-05-22T09:14:07.305Z", "Citizen": 10, "Service": 6, "IpAddress": "127.0.0.1", "LastSeen": null, "EnforceExpiry": false}}, {"model": "serviceSession.servicesession", "pk": 13, "fields": {"PublicId": "4789123d-1544-403e-ac3e-087236ee8dcd", "Created": "2025-05-22T09:55:30.194Z", "Updated": "2025-05-22T12:36:57.841Z", "Citizen": 10, "Service": 6, "IpAddress": "127.0.0.1", "LastSeen": "2025-05-22T12:36:57.834Z", "EnforceExpiry": false}}, {"model": "serviceSession.servicesession", "pk": 14, "fields": {"PublicId": "bda0445b-50a1-401b-a897-2b202b943957", "Created": "2025-06-27T23:24:11.430Z", "Updated": "2025-06-27T23:52:36.393Z", "Citizen": 10, "Service": 6, "IpAddress": "127.0.0.1", "LastSeen": "2025-06-27T23:52:36.386Z", "EnforceExpiry": false}}, {"model": "serviceSession.servicesession", "pk": 15, "fields": {"PublicId": "a401a353-d659-4f14-91fc-33d7b0325751", "Created": "2025-06-28T17:40:50.026Z", "Updated": "2025-06-28T17:40:50.026Z", "Citizen": 10, "Service": 4, "IpAddress": "127.0.0.1", "LastSeen": "2025-06-28T17:40:50.025Z", "EnforceExpiry": false}}, {"model": "serviceSession.servicesession", "pk": 16, "fields": {"PublicId": "992269f5-2fad-4773-b620-3d13fdaa2aeb", "Created": "2025-06-28T17:40:50.044Z", "Updated": "2025-06-28T17:46:22.823Z", "Citizen": 10, "Service": 6, "IpAddress": "127.0.0.1", "LastSeen": "2025-06-28T17:46:22.818Z", "EnforceExpiry": false}}, {"model": "serviceSession.servicesession", "pk": 17, "fields": {"PublicId": "37df158b-e95c-4021-98ea-1e00ca440f38", "Created": "2025-06-28T17:40:50.054Z", "Updated": "2025-06-28T17:40:50.054Z", "Citizen": 10, "Service": 10, "IpAddress": "127.0.0.1", "LastSeen": "2025-06-28T17:40:50.052Z", "EnforceExpiry": false}}, {"model": "serviceSession.servicesession", "pk": 18, "fields": {"PublicId": "c35fc94a-2f88-4d51-ab35-d48d3e23c015", "Created": "2025-06-28T17:40:50.059Z", "Updated": "2025-06-28T17:40:50.060Z", "Citizen": 10, "Service": 11, "IpAddress": "127.0.0.1", "LastSeen": "2025-06-28T17:40:50.059Z", "EnforceExpiry": false}}, {"model": "serviceSession.servicesession", "pk": 19, "fields": {"PublicId": "b428a7a7-6a3e-4ce1-ac18-442cbbd72b3d", "Created": "2025-06-28T17:40:50.068Z", "Updated": "2025-06-28T17:40:50.068Z", "Citizen": 10, "Service": 5, "IpAddress": "127.0.0.1", "LastSeen": "2025-06-28T17:40:50.068Z", "EnforceExpiry": false}}, {"model": "serviceSession.servicesession", "pk": 20, "fields": {"PublicId": "0077d7a5-4b1b-4a64-b575-706ad3cd5a0d", "Created": "2025-06-28T17:40:50.078Z", "Updated": "2025-06-28T17:40:50.078Z", "Citizen": 10, "Service": 7, "IpAddress": "127.0.0.1", "LastSeen": "2025-06-28T17:40:50.078Z", "EnforceExpiry": false}}, {"model": "serviceSession.servicesession", "pk": 21, "fields": {"PublicId": "f7c171c9-e621-4803-9ddb-dddab8b52ce8", "Created": "2025-06-28T17:52:27.451Z", "Updated": "2025-06-28T17:52:27.452Z", "Citizen": 10, "Service": 4, "IpAddress": "127.0.0.1", "LastSeen": "2025-06-28T17:52:27.450Z", "EnforceExpiry": false}}, {"model": "serviceSession.servicesession", "pk": 22, "fields": {"PublicId": "6f272a8d-a096-4fb6-a274-d91e90119918", "Created": "2025-06-28T17:52:27.479Z", "Updated": "2025-06-28T17:52:27.479Z", "Citizen": 10, "Service": 6, "IpAddress": "127.0.0.1", "LastSeen": "2025-06-28T17:52:27.478Z", "EnforceExpiry": false}}, {"model": "serviceSession.servicesession", "pk": 23, "fields": {"PublicId": "406ac007-07c0-45ef-8395-53c7c982e877", "Created": "2025-06-28T17:52:27.489Z", "Updated": "2025-06-28T17:52:27.489Z", "Citizen": 10, "Service": 10, "IpAddress": "127.0.0.1", "LastSeen": "2025-06-28T17:52:27.488Z", "EnforceExpiry": false}}, {"model": "serviceSession.servicesession", "pk": 24, "fields": {"PublicId": "7cd7b87e-d31f-406c-a025-91b742b13364", "Created": "2025-06-28T17:52:27.497Z", "Updated": "2025-06-28T17:52:27.497Z", "Citizen": 10, "Service": 11, "IpAddress": "127.0.0.1", "LastSeen": "2025-06-28T17:52:27.497Z", "EnforceExpiry": false}}, {"model": "serviceSession.servicesession", "pk": 25, "fields": {"PublicId": "bb79bbdb-e077-435c-b437-599d85b98997", "Created": "2025-06-28T17:52:27.504Z", "Updated": "2025-06-28T17:52:27.504Z", "Citizen": 10, "Service": 5, "IpAddress": "127.0.0.1", "LastSeen": "2025-06-28T17:52:27.503Z", "EnforceExpiry": false}}, {"model": "serviceSession.servicesession", "pk": 26, "fields": {"PublicId": "5e0ee0b1-bc88-41e9-872b-e51ed66a59d6", "Created": "2025-06-28T17:52:27.512Z", "Updated": "2025-06-28T17:52:27.512Z", "Citizen": 10, "Service": 7, "IpAddress": "127.0.0.1", "LastSeen": "2025-06-28T17:52:27.512Z", "EnforceExpiry": false}}, {"model": "serviceSession.servicesession", "pk": 27, "fields": {"PublicId": "799b0d95-010f-4789-828c-f06cbaf53066", "Created": "2025-06-28T17:52:33.419Z", "Updated": "2025-06-28T17:52:33.419Z", "Citizen": 10, "Service": 4, "IpAddress": "127.0.0.1", "LastSeen": "2025-06-28T17:52:33.419Z", "EnforceExpiry": false}}, {"model": "serviceSession.servicesession", "pk": 28, "fields": {"PublicId": "433b23ea-ec5e-43ce-8967-b2d611760c47", "Created": "2025-06-28T17:52:33.430Z", "Updated": "2025-06-28T17:52:33.430Z", "Citizen": 10, "Service": 6, "IpAddress": "127.0.0.1", "LastSeen": "2025-06-28T17:52:33.429Z", "EnforceExpiry": false}}, {"model": "serviceSession.servicesession", "pk": 29, "fields": {"PublicId": "3a5ad8fc-2ef9-4f3d-b430-7595c89726f3", "Created": "2025-06-28T17:52:33.438Z", "Updated": "2025-06-28T17:52:33.438Z", "Citizen": 10, "Service": 10, "IpAddress": "127.0.0.1", "LastSeen": "2025-06-28T17:52:33.437Z", "EnforceExpiry": false}}, {"model": "serviceSession.servicesession", "pk": 30, "fields": {"PublicId": "94bc718d-e617-487d-99c3-e1a4c573385d", "Created": "2025-06-28T17:52:33.450Z", "Updated": "2025-06-28T17:52:33.450Z", "Citizen": 10, "Service": 11, "IpAddress": "127.0.0.1", "LastSeen": "2025-06-28T17:52:33.449Z", "EnforceExpiry": false}}, {"model": "serviceSession.servicesession", "pk": 31, "fields": {"PublicId": "adc512c4-0e24-430c-9d6f-9379c4c594fb", "Created": "2025-06-28T17:52:33.458Z", "Updated": "2025-06-28T17:52:33.458Z", "Citizen": 10, "Service": 5, "IpAddress": "127.0.0.1", "LastSeen": "2025-06-28T17:52:33.457Z", "EnforceExpiry": false}}, {"model": "serviceSession.servicesession", "pk": 32, "fields": {"PublicId": "c4228390-d055-4e0a-b952-dc8b3e23cdb3", "Created": "2025-06-28T17:52:33.467Z", "Updated": "2025-06-28T17:52:33.467Z", "Citizen": 10, "Service": 7, "IpAddress": "127.0.0.1", "LastSeen": "2025-06-28T17:52:33.466Z", "EnforceExpiry": false}}, {"model": "serviceSession.servicesession", "pk": 33, "fields": {"PublicId": "12cf5331-2ff2-47e6-9c28-ba74bce62ab1", "Created": "2025-06-28T17:53:12.866Z", "Updated": "2025-06-28T17:53:12.866Z", "Citizen": 10, "Service": 4, "IpAddress": "127.0.0.1", "LastSeen": "2025-06-28T17:53:12.858Z", "EnforceExpiry": false}}, {"model": "serviceSession.servicesession", "pk": 34, "fields": {"PublicId": "56dcdcfc-dcc4-444e-87ec-1f4a1e39b45e", "Created": "2025-06-28T17:53:12.878Z", "Updated": "2025-06-28T17:53:12.878Z", "Citizen": 10, "Service": 6, "IpAddress": "127.0.0.1", "LastSeen": "2025-06-28T17:53:12.877Z", "EnforceExpiry": false}}, {"model": "serviceSession.servicesession", "pk": 35, "fields": {"PublicId": "10fe9b86-92a5-4165-8cf4-5543fff3de2c", "Created": "2025-06-28T17:53:12.887Z", "Updated": "2025-06-28T17:53:12.887Z", "Citizen": 10, "Service": 10, "IpAddress": "127.0.0.1", "LastSeen": "2025-06-28T17:53:12.886Z", "EnforceExpiry": false}}, {"model": "serviceSession.servicesession", "pk": 36, "fields": {"PublicId": "7f85d62f-af77-4e1a-a5f7-4ed15a1d2702", "Created": "2025-06-28T17:53:12.896Z", "Updated": "2025-06-28T17:53:12.896Z", "Citizen": 10, "Service": 11, "IpAddress": "127.0.0.1", "LastSeen": "2025-06-28T17:53:12.896Z", "EnforceExpiry": false}}, {"model": "serviceSession.servicesession", "pk": 37, "fields": {"PublicId": "9ec30ef0-2ff0-4419-8d25-10d3dee46c55", "Created": "2025-06-28T17:53:12.906Z", "Updated": "2025-06-28T17:53:12.906Z", "Citizen": 10, "Service": 5, "IpAddress": "127.0.0.1", "LastSeen": "2025-06-28T17:53:12.906Z", "EnforceExpiry": false}}, {"model": "serviceSession.servicesession", "pk": 38, "fields": {"PublicId": "cce3592c-9241-4a87-a7f4-bb4bee66d8be", "Created": "2025-06-28T17:53:12.915Z", "Updated": "2025-06-28T17:53:12.915Z", "Citizen": 10, "Service": 7, "IpAddress": "127.0.0.1", "LastSeen": "2025-06-28T17:53:12.915Z", "EnforceExpiry": false}}, {"model": "serviceSession.servicesession", "pk": 39, "fields": {"PublicId": "6a4845f4-2bb1-44b4-b362-5d4aaf40744f", "Created": "2025-06-28T18:22:46.866Z", "Updated": "2025-06-28T18:22:46.866Z", "Citizen": 5, "Service": 4, "IpAddress": "127.0.0.1", "LastSeen": "2025-06-28T18:22:46.866Z", "EnforceExpiry": false}}, {"model": "serviceSession.servicesession", "pk": 40, "fields": {"PublicId": "237168f7-5da4-4325-9b14-8ae02a764060", "Created": "2025-06-28T18:22:46.891Z", "Updated": "2025-06-28T18:25:01.578Z", "Citizen": 5, "Service": 5, "IpAddress": "127.0.0.1", "LastSeen": "2025-06-28T18:25:01.572Z", "EnforceExpiry": false}}, {"model": "serviceSession.servicesession", "pk": 41, "fields": {"PublicId": "83cd740c-735f-4e72-b5d1-c1f3e6813df4", "Created": "2025-06-28T18:22:46.900Z", "Updated": "2025-06-28T18:28:28.513Z", "Citizen": 5, "Service": 6, "IpAddress": "127.0.0.1", "LastSeen": "2025-06-28T18:28:28.507Z", "EnforceExpiry": false}}, {"model": "serviceSession.servicesession", "pk": 42, "fields": {"PublicId": "820e5680-ad2c-4c17-a897-d45ebdd8302d", "Created": "2025-06-28T18:22:46.913Z", "Updated": "2025-06-28T18:22:46.913Z", "Citizen": 5, "Service": 7, "IpAddress": "127.0.0.1", "LastSeen": "2025-06-28T18:22:46.913Z", "EnforceExpiry": false}}, {"model": "serviceSession.servicesession", "pk": 43, "fields": {"PublicId": "2b9f1207-76ab-4777-b1f5-59dbe5b5f8b4", "Created": "2025-06-28T18:22:46.928Z", "Updated": "2025-06-28T18:22:46.928Z", "Citizen": 5, "Service": 10, "IpAddress": "127.0.0.1", "LastSeen": "2025-06-28T18:22:46.927Z", "EnforceExpiry": false}}, {"model": "serviceSession.servicesession", "pk": 44, "fields": {"PublicId": "fb4a4228-6991-4a9e-8333-fea32749dece", "Created": "2025-06-28T18:23:15.343Z", "Updated": "2025-06-28T18:23:15.343Z", "Citizen": 5, "Service": 4, "IpAddress": "127.0.0.1", "LastSeen": "2025-06-28T18:23:15.342Z", "EnforceExpiry": false}}, {"model": "serviceSession.servicesession", "pk": 45, "fields": {"PublicId": "2803919b-f561-41b8-8460-1ed8fc71ccc2", "Created": "2025-06-28T18:23:15.363Z", "Updated": "2025-06-28T18:23:15.363Z", "Citizen": 5, "Service": 5, "IpAddress": "127.0.0.1", "LastSeen": "2025-06-28T18:23:15.362Z", "EnforceExpiry": false}}, {"model": "serviceSession.servicesession", "pk": 46, "fields": {"PublicId": "015c54dc-b668-4c1e-a45e-5d347ecd6434", "Created": "2025-06-28T18:23:15.375Z", "Updated": "2025-06-28T18:23:15.375Z", "Citizen": 5, "Service": 6, "IpAddress": "127.0.0.1", "LastSeen": "2025-06-28T18:23:15.374Z", "EnforceExpiry": false}}, {"model": "serviceSession.servicesession", "pk": 47, "fields": {"PublicId": "19a73f4e-a8d1-4e7a-a25d-550850d8193f", "Created": "2025-06-28T18:23:15.396Z", "Updated": "2025-06-28T18:23:15.396Z", "Citizen": 5, "Service": 7, "IpAddress": "127.0.0.1", "LastSeen": "2025-06-28T18:23:15.395Z", "EnforceExpiry": false}}, {"model": "serviceSession.servicesession", "pk": 48, "fields": {"PublicId": "105ca3f4-5557-4edf-a655-5931f9218bc2", "Created": "2025-06-28T18:23:15.425Z", "Updated": "2025-06-28T18:23:15.425Z", "Citizen": 5, "Service": 10, "IpAddress": "127.0.0.1", "LastSeen": "2025-06-28T18:23:15.424Z", "EnforceExpiry": false}}, {"model": "serviceSession.servicesession", "pk": 49, "fields": {"PublicId": "01dd52e3-7be8-42b7-a395-d44d676223fb", "Created": "2025-06-28T18:24:50.339Z", "Updated": "2025-06-28T18:24:50.339Z", "Citizen": 5, "Service": 4, "IpAddress": "127.0.0.1", "LastSeen": "2025-06-28T18:24:50.338Z", "EnforceExpiry": false}}, {"model": "serviceSession.servicesession", "pk": 50, "fields": {"PublicId": "1b0ddd67-cc98-4a31-add1-a1a55ac79f5f", "Created": "2025-06-28T18:24:50.357Z", "Updated": "2025-06-28T18:24:50.357Z", "Citizen": 5, "Service": 5, "IpAddress": "127.0.0.1", "LastSeen": "2025-06-28T18:24:50.357Z", "EnforceExpiry": false}}, {"model": "serviceSession.servicesession", "pk": 51, "fields": {"PublicId": "a6f64130-190f-478d-8374-70c76c2ec90f", "Created": "2025-06-28T18:24:50.372Z", "Updated": "2025-06-28T18:24:50.372Z", "Citizen": 5, "Service": 6, "IpAddress": "127.0.0.1", "LastSeen": "2025-06-28T18:24:50.372Z", "EnforceExpiry": false}}, {"model": "serviceSession.servicesession", "pk": 52, "fields": {"PublicId": "9e08cf11-f79a-4da8-bcec-33078e23ecde", "Created": "2025-06-28T18:24:50.383Z", "Updated": "2025-06-28T18:24:50.383Z", "Citizen": 5, "Service": 7, "IpAddress": "127.0.0.1", "LastSeen": "2025-06-28T18:24:50.383Z", "EnforceExpiry": false}}, {"model": "serviceSession.servicesession", "pk": 53, "fields": {"PublicId": "40c63504-910b-4611-81e8-5ce1aa63fa6c", "Created": "2025-06-28T18:24:50.401Z", "Updated": "2025-06-28T18:24:50.401Z", "Citizen": 5, "Service": 10, "IpAddress": "127.0.0.1", "LastSeen": "2025-06-28T18:24:50.400Z", "EnforceExpiry": false}}, {"model": "serviceSession.servicesession", "pk": 54, "fields": {"PublicId": "c0e1934d-bb17-4d9d-9122-3feb94d9bb7f", "Created": "2025-06-28T18:25:58.692Z", "Updated": "2025-06-28T18:25:58.692Z", "Citizen": 5, "Service": 4, "IpAddress": "127.0.0.1", "LastSeen": "2025-06-28T18:25:58.691Z", "EnforceExpiry": false}}, {"model": "serviceSession.servicesession", "pk": 55, "fields": {"PublicId": "3462e66f-826d-46e5-a173-fece742c1e24", "Created": "2025-06-28T18:25:58.710Z", "Updated": "2025-06-28T18:25:58.710Z", "Citizen": 5, "Service": 5, "IpAddress": "127.0.0.1", "LastSeen": "2025-06-28T18:25:58.709Z", "EnforceExpiry": false}}, {"model": "serviceSession.servicesession", "pk": 56, "fields": {"PublicId": "52bfdea1-7720-4854-aa0a-724680c1dcd8", "Created": "2025-06-28T18:25:58.720Z", "Updated": "2025-06-28T18:25:58.720Z", "Citizen": 5, "Service": 6, "IpAddress": "127.0.0.1", "LastSeen": "2025-06-28T18:25:58.719Z", "EnforceExpiry": false}}, {"model": "serviceSession.servicesession", "pk": 57, "fields": {"PublicId": "b0ce7cf6-e72f-4910-b75b-cba56bd50dc9", "Created": "2025-06-28T18:25:58.738Z", "Updated": "2025-06-28T18:25:58.738Z", "Citizen": 5, "Service": 7, "IpAddress": "127.0.0.1", "LastSeen": "2025-06-28T18:25:58.737Z", "EnforceExpiry": false}}, {"model": "serviceSession.servicesession", "pk": 58, "fields": {"PublicId": "d1ab2bd7-79ae-4159-b826-94e6eabc078d", "Created": "2025-06-28T18:25:58.750Z", "Updated": "2025-06-28T18:25:58.750Z", "Citizen": 5, "Service": 10, "IpAddress": "127.0.0.1", "LastSeen": "2025-06-28T18:25:58.749Z", "EnforceExpiry": false}}, {"model": "serviceSession.servicesession", "pk": 59, "fields": {"PublicId": "78488b6b-432d-48a6-9932-8cc386af52df", "Created": "2025-06-28T19:22:54.564Z", "Updated": "2025-06-28T19:22:54.564Z", "Citizen": 1, "Service": 5, "IpAddress": "127.0.0.1", "LastSeen": "2025-06-28T19:22:54.564Z", "EnforceExpiry": false}}, {"model": "serviceSession.servicesession", "pk": 60, "fields": {"PublicId": "75516be3-b52f-43b7-967d-c4234d9ae5c1", "Created": "2025-06-28T19:22:54.580Z", "Updated": "2025-06-28T19:22:54.580Z", "Citizen": 1, "Service": 4, "IpAddress": "127.0.0.1", "LastSeen": "2025-06-28T19:22:54.580Z", "EnforceExpiry": false}}, {"model": "serviceSession.servicesession", "pk": 61, "fields": {"PublicId": "8910db0a-23fc-4ec0-87d5-a6270a2d16f9", "Created": "2025-06-28T19:22:54.597Z", "Updated": "2025-06-28T19:22:54.597Z", "Citizen": 1, "Service": 7, "IpAddress": "127.0.0.1", "LastSeen": "2025-06-28T19:22:54.597Z", "EnforceExpiry": false}}, {"model": "serviceSession.servicesession", "pk": 62, "fields": {"PublicId": "ce6f96e7-2b7a-4ce1-952d-af6b7f07cf9c", "Created": "2025-06-28T19:22:54.621Z", "Updated": "2025-06-28T19:22:54.621Z", "Citizen": 1, "Service": 6, "IpAddress": "127.0.0.1", "LastSeen": "2025-06-28T19:22:54.620Z", "EnforceExpiry": false}}, {"model": "serviceSession.servicesession", "pk": 63, "fields": {"PublicId": "4ef8cd56-60ea-4cd9-a52d-34f162073183", "Created": "2025-06-28T19:22:54.655Z", "Updated": "2025-06-28T19:22:54.655Z", "Citizen": 1, "Service": 10, "IpAddress": "127.0.0.1", "LastSeen": "2025-06-28T19:22:54.654Z", "EnforceExpiry": false}}]